customer_id,first_name,last_name,date_of_birth,phone_number,email
0,Lewis,Alvarez,1987-07-21 00:00:00,1-795-485-4862,suspendisse@hotmail.edu
1,Drew,Bright,1988-03-05 00:00:00,1-114-428-2431,cubilia@protonmail.com
2,Cassandra,Dickson,1990-03-24 00:00:00,1-999-450-7135,nisi@yahoo.org
3,Ezra,Perry,1976-09-14 00:00:00,1-564-637-1655,vulputate.eu@icloud.couk
4,Althea,Trevino,1986-03-28 00:00:00,1-236-442-7392,felis.purus@yahoo.ca
5,Troy,Cunningham,1985-08-26 00:00:00,1-421-904-1431,posuere.vulputate@hotmail.ca
6,Alea,Downs,1984-05-07 00:00:00,1-164-578-4086,hendrerit.a@hotmail.org
7,Benjamin,Payne,1990-06-18 00:00:00,1-667-227-3115,augue@aol.edu
8,Tara,Haynes,1989-09-03 00:00:00,1-355-490-2322,dignissim.tempor.arcu@aol.ca
9,Talon,Herrera,1973-04-21 00:00:00,1-112-931-9432,nam.ac@google.edu
10,Ingrid,Snow,1974-10-05 00:00:00,1-384-733-5483,primis@google.edu
11,Zenaida,Bowers,1987-02-08 00:00:00,1-470-123-4421,molestie.tellus@icloud.org
12,Simone,Singleton,1986-07-09 00:00:00,1-642-933-4284,mi.lorem.vehicula@google.net
13,Althea,Coleman,1985-07-08 00:00:00,1-331-227-5156,amet.ornare@aol.com
14,Pamela,Garza,1991-10-18 00:00:00,1-668-791-8412,vitae@google.com
15,Karyn,Wall,1984-07-31 00:00:00,1-278-584-5234,ipsum@google.com
16,Quemby,Marshall,1989-12-20 00:00:00,1-267-578-1229,mauris@protonmail.org
17,Eliana,Booker,1984-10-28 00:00:00,1-427-867-6531,quis.lectus@yahoo.couk
18,Allistair,Christensen,1980-12-17 00:00:00,1-516-246-7312,sed.neque@protonmail.edu
19,Omar,Solis,1984-04-16 00:00:00,1-726-607-5754,id.nunc.interdum@aol.com
20,Hayfa,Mayer,1985-04-06 00:00:00,1-555-200-2653,nonummy.ipsum@protonmail.edu
21,Kameko,Cameron,1975-07-08 00:00:00,1-586-451-1475,accumsan.sed@hotmail.org
22,Boris,Walls,1983-07-24 00:00:00,1-335-643-1992,porttitor.scelerisque.neque@icloud.couk
23,Emmanuel,Ratliff,1986-12-04 00:00:00,1-303-422-6527,sapien.gravida.non@aol.org
24,Jenna,Lindsay,1973-10-10 00:00:00,1-987-248-1843,enim.suspendisse.aliquet@icloud.net
25,Laith,Fry,1980-04-26 00:00:00,1-964-117-2292,magnis@protonmail.net
26,Iris,Duran,1991-06-19 00:00:00,1-837-241-8271,ornare@outlook.com
27,Jade,Head,1973-07-07 00:00:00,1-951-372-9423,vulputate.velit.eu@icloud.org
28,Zane,Joseph,1988-03-09 00:00:00,1-386-901-0701,vulputate@icloud.edu
29,Keefe,Guerrero,1985-02-11 00:00:00,1-574-698-7130,diam.eu@outlook.net
30,Sopoline,King,1975-12-25 00:00:00,1-347-880-4775,leo@outlook.edu
31,Dieter,Roberts,1986-04-18 00:00:00,1-841-740-4731,ipsum.primis.in@protonmail.org
32,Bertha,Patrick,1989-11-12 00:00:00,1-157-808-0150,at.pede@yahoo.net
33,Kevin,Horne,1991-10-06 00:00:00,1-154-234-8608,magna.cras@hotmail.couk
34,Kirestin,Barnett,1988-08-03 00:00:00,1-851-530-4297,montes@google.org
35,Basil,Diaz,1989-08-28 00:00:00,1-278-458-6243,odio.sagittis@google.edu
36,Ginger,Massey,1978-11-27 00:00:00,1-756-472-6214,sit.amet@aol.com
37,Kamal,Hurst,1988-05-05 00:00:00,1-899-878-3656,etiam@protonmail.ca
38,Miriam,Ramirez,1977-01-19 00:00:00,1-136-234-4565,at.auctor.ullamcorper@hotmail.edu
39,Naida,Bryan,1983-01-14 00:00:00,1-358-136-4376,diam.nunc.ullamcorper@aol.couk
40,Dai,Le,1980-05-30 00:00:00,1-673-842-6542,pede.ac.urna@hotmail.com
41,Iliana,Ferguson,1987-10-13 00:00:00,1-384-651-7350,purus@icloud.edu
42,Deirdre,Hyde,1974-10-13 00:00:00,1-887-667-5432,phasellus@yahoo.com
43,Autumn,Rutledge,1988-01-21 00:00:00,1-776-340-7681,vitae.sodales.nisi@google.edu
44,Remedios,Gibson,1989-04-13 00:00:00,1-407-118-6338,enim@google.ca
45,Solomon,Hull,1980-12-07 00:00:00,1-628-413-5851,quam.quis.diam@outlook.com
46,Breanna,Osborne,1980-05-01 00:00:00,1-612-469-8799,fermentum@outlook.org
47,Quyn,Rios,1974-01-20 00:00:00,1-276-235-7617,et@icloud.couk
48,Sade,Sheppard,1974-09-20 00:00:00,1-768-542-0617,ac.arcu.nunc@outlook.couk
49,Erin,Houston,1984-09-30 00:00:00,1-781-127-3861,congue.turpis@hotmail.org
50,Signe,Riggs,1982-05-27 00:00:00,1-960-385-1045,semper@hotmail.com
51,Kiara,Reilly,1990-06-05 00:00:00,1-879-877-2463,ac@icloud.ca
52,Jacqueline,Henson,1979-12-06 00:00:00,1-713-401-5562,ut.nulla.cras@hotmail.com
53,Chase,Ewing,1986-04-25 00:00:00,1-435-350-8979,leo.vivamus.nibh@hotmail.couk
54,Unity,Madden,1984-06-15 00:00:00,1-525-512-1747,vivamus.nibh.dolor@yahoo.com
55,Lucas,Payne,1987-08-27 00:00:00,1-785-468-5177,ante.ipsum@hotmail.couk
56,Phoebe,Glenn,1981-04-09 00:00:00,1-322-615-2475,non.hendrerit.id@hotmail.couk
57,Orson,Joseph,1989-09-12 00:00:00,1-570-226-2276,tellus.sem.mollis@icloud.com
58,Pandora,Trevino,1990-10-16 00:00:00,1-436-132-1421,aliquam.tincidunt@hotmail.net
59,Juliet,Johns,1975-04-13 00:00:00,1-349-878-5271,velit.egestas@icloud.ca
60,Hayley,Hardin,1982-06-25 00:00:00,1-207-838-5584,elit@google.edu
61,Joelle,Haynes,1990-09-13 00:00:00,1-488-184-7432,lorem.ipsum.dolor@protonmail.couk
62,Alea,Ewing,1979-01-20 00:00:00,1-273-195-6631,pellentesque.habitant@yahoo.edu
63,Bell,Pollard,1989-03-29 00:00:00,1-343-653-6639,tincidunt.aliquam.arcu@yahoo.edu
64,Lance,Albert,1976-01-02 00:00:00,1-544-703-1926,orci.quis.lectus@protonmail.ca
65,Curran,Fowler,1973-09-25 00:00:00,1-778-122-9858,ut.cursus@icloud.edu
66,Eagan,Kline,1986-03-08 00:00:00,1-366-596-0828,et.tristique@yahoo.ca
67,Aiko,Spencer,1990-03-25 00:00:00,1-337-516-2572,donec.nibh.quisque@google.ca
68,Brynn,Bernard,1983-11-20 00:00:00,1-264-596-0538,suspendisse.sagittis.nullam@outlook.com
69,Conan,Bentley,1980-09-25 00:00:00,1-678-888-8414,ac.sem@icloud.com
70,Amir,Avery,1987-02-09 00:00:00,1-871-818-8553,nisl.arcu@icloud.couk
71,Camilla,Morrow,1992-03-18 00:00:00,1-766-772-4068,rutrum.lorem.ac@icloud.edu
72,Sigourney,Owen,1987-04-25 00:00:00,1-568-267-3715,elit.sed@outlook.com
73,Maggie,Jordan,1974-07-24 00:00:00,1-334-387-8761,mauris.ut@google.net
74,Tyrone,Sears,1986-07-26 00:00:00,1-412-622-4176,aliquet.odio@google.couk
75,Magee,Martin,1988-08-03 00:00:00,1-614-773-9734,convallis.est@aol.ca
76,Uta,Hurst,1982-04-10 00:00:00,1-376-341-3568,ante.iaculis@hotmail.net
77,Nicole,Brooks,1986-06-24 00:00:00,1-346-742-4030,ut.semper.pretium@yahoo.com
78,Valentine,Bradshaw,1988-05-12 00:00:00,1-185-487-7672,a@yahoo.couk
79,Stacy,Alexander,1984-11-10 00:00:00,1-651-611-7956,faucibus@google.org
80,William,Kirk,1988-01-27 00:00:00,1-694-566-0549,risus.donec@hotmail.net
81,Lareina,Byrd,1975-06-27 00:00:00,1-821-862-0633,donec@icloud.ca
82,Carlos,Goodman,1977-03-04 00:00:00,1-648-353-5824,malesuada@icloud.edu
83,Savannah,Morse,1990-04-01 00:00:00,1-484-586-7332,nullam@icloud.com
84,Francesca,Stanton,1973-07-02 00:00:00,1-681-264-8622,sagittis.semper@protonmail.ca
85,Teegan,Lopez,1979-02-24 00:00:00,1-261-480-5310,molestie.sed@outlook.edu
86,Regan,Gardner,1985-03-23 00:00:00,1-567-282-3548,luctus.et@yahoo.ca
87,Alika,Lane,1978-02-09 00:00:00,1-873-636-2120,rutrum.fusce@protonmail.couk
88,Malachi,Baird,1973-08-17 00:00:00,1-498-134-2193,condimentum@icloud.edu
89,Katelyn,Boyd,1980-06-03 00:00:00,1-218-666-4639,sed.pharetra@google.couk
90,Adrienne,Shepherd,1991-06-09 00:00:00,1-451-657-2976,pede.et@hotmail.edu
91,Cody,Sharpe,1976-02-03 00:00:00,1-200-222-8145,cum.sociis.natoque@outlook.couk
92,Alexis,Mccray,1976-05-17 00:00:00,1-328-584-1582,porttitor.tellus@google.edu
93,Kylee,Knowles,1973-10-04 00:00:00,1-588-252-5341,vestibulum@hotmail.net
94,Dominique,Nielsen,1981-02-19 00:00:00,1-966-843-4439,tincidunt.neque@outlook.edu
95,Isaiah,Rios,1984-02-02 00:00:00,1-614-782-9701,vivamus@protonmail.com
96,Tanner,Conley,1976-12-15 00:00:00,1-723-762-2847,rutrum.magna@outlook.couk
97,Zachery,Ellison,1989-11-04 00:00:00,1-237-278-9054,laoreet.ipsum.curabitur@icloud.com
98,Joshua,Roach,1980-07-02 00:00:00,1-442-741-6719,orci.luctus.et@google.couk
99,Chantale,Richardson,1982-09-10 00:00:00,1-589-511-6715,hymenaeos.mauris@aol.ca
100,Tiger,Love,1984-12-23 00:00:00,1-345-215-4277,lectus.rutrum@outlook.ca
101,Willa,Leach,1988-07-22 00:00:00,1-843-367-5398,ac.arcu@google.com
102,Brenden,Browning,1987-10-12 00:00:00,1-974-531-4253,quisque.purus@outlook.net
103,Velma,Harding,1985-04-09 00:00:00,1-666-584-8654,posuere.vulputate@google.edu
104,Sara,Cherry,1979-04-18 00:00:00,1-551-648-5395,elit.elit@protonmail.net
105,Yuri,Yang,1974-03-19 00:00:00,1-466-381-1149,elementum.dui.quis@icloud.net
106,Desiree,Leon,1974-09-08 00:00:00,1-854-684-7186,nunc.sed@icloud.com
107,Xantha,Stephenson,1978-09-02 00:00:00,1-507-645-2943,at.sem@outlook.org
108,Daria,Sampson,1983-02-08 00:00:00,1-802-231-7458,diam.proin@icloud.ca
109,Willa,Nash,1985-06-08 00:00:00,1-656-267-5101,non.arcu@google.net
110,Risa,Rush,1979-07-06 00:00:00,1-952-211-8915,donec@icloud.couk
111,Burke,Cleveland,1982-08-02 00:00:00,1-711-654-5351,eu.dui@aol.com
112,Leroy,Ruiz,1979-01-20 00:00:00,1-669-176-8561,id.sapien@hotmail.net
113,Neville,Wise,1983-03-14 00:00:00,1-308-358-3544,sociis@outlook.ca
114,Quemby,Carter,1986-05-21 00:00:00,1-687-718-5858,fusce.diam@outlook.couk
115,Maxwell,Johnston,1981-09-06 00:00:00,1-490-172-1348,elit.aliquam.auctor@google.couk
116,Octavia,Kane,1981-11-15 00:00:00,1-640-361-4076,vestibulum@icloud.net
117,Eaton,Farley,1982-09-19 00:00:00,1-548-229-4447,mauris.quis@icloud.couk
118,Tamara,Beard,1983-02-15 00:00:00,1-307-508-2281,non.nisi@google.ca
119,Lacey,Dyer,1982-07-18 00:00:00,1-236-307-5144,dui.fusce@outlook.ca
120,Ignatius,Roy,1974-12-14 00:00:00,1-756-123-1820,quam.elementum.at@outlook.com
121,Camilla,Gonzales,1973-09-08 00:00:00,1-409-253-4636,sed.turpis@hotmail.net
122,Reagan,Mayo,1973-05-22 00:00:00,1-276-308-5276,ac@protonmail.couk
123,Lysandra,Becker,1978-12-29 00:00:00,1-325-155-7017,neque.sed.sem@yahoo.edu
124,Signe,Mccray,1988-01-06 00:00:00,1-888-971-3827,sit.amet@hotmail.org
125,Quentin,Alvarez,1978-01-17 00:00:00,1-331-583-9541,luctus@outlook.org
126,Karina,O'donnell,1991-11-26 00:00:00,1-423-631-4768,pharetra@icloud.org
127,Rose,Gomez,1986-09-30 00:00:00,1-534-474-2715,quam.a@google.com
128,Jonah,Salazar,1973-10-26 00:00:00,1-900-488-9439,et.netus@aol.edu
129,Hiram,Blackwell,1992-04-08 00:00:00,1-853-325-9228,dolor.fusce.mi@aol.org
130,Silas,Patterson,1981-09-10 00:00:00,1-415-814-5978,nisi@yahoo.edu
131,Ralph,Gates,1983-01-27 00:00:00,1-567-776-1101,nam.interdum@hotmail.org
132,Melyssa,Mcneil,1981-02-27 00:00:00,1-645-528-2435,cras.eget.nisi@icloud.org
133,Lev,Adkins,1982-05-06 00:00:00,1-486-487-5545,dis@aol.edu
134,Amethyst,Kidd,1989-10-23 00:00:00,1-434-773-8295,nec@protonmail.couk
135,Madeline,Mccormick,1975-05-24 00:00:00,1-210-814-4108,et.magnis@protonmail.couk
136,Bernard,Walton,1987-08-28 00:00:00,1-382-489-6658,et.netus.et@protonmail.org
137,Gemma,Yates,1992-03-04 00:00:00,1-454-483-0285,auctor@outlook.edu
138,Gary,Dillon,1989-01-15 00:00:00,1-721-345-3826,mauris.sagittis@yahoo.couk
139,Ferris,Fisher,1978-02-22 00:00:00,1-888-426-2023,leo.cras@yahoo.ca
140,Francis,Schroeder,1982-02-20 00:00:00,1-805-811-1722,metus.eu@aol.com
141,Joshua,Hurst,1990-01-21 00:00:00,1-161-867-2796,morbi.metus.vivamus@google.edu
142,Galvin,Stone,1989-01-20 00:00:00,1-455-858-6417,volutpat.nulla@yahoo.net
143,Ava,Dejesus,1983-07-23 00:00:00,1-840-578-3429,fringilla.donec@protonmail.edu
144,Petra,Kidd,1985-04-23 00:00:00,1-823-738-7816,non.magna.nam@icloud.edu
145,Hanae,Dillon,1991-10-26 00:00:00,1-468-992-9639,suspendisse.eleifend@yahoo.com
146,Richard,Burks,1978-02-06 00:00:00,1-298-381-0668,sit.amet@icloud.net
147,Lillith,Tyler,1978-05-16 00:00:00,1-836-768-4422,netus.et@outlook.org
148,Carl,Gibbs,1985-11-01 00:00:00,1-632-661-3846,nullam.feugiat@icloud.couk
149,Clayton,Landry,1991-04-17 00:00:00,1-293-755-8657,orci.sem.eget@icloud.edu
150,Coby,Bond,1986-06-07 00:00:00,1-379-671-7633,sed.sem@yahoo.edu
151,Gregory,Roy,1986-09-16 00:00:00,1-624-487-0870,eros@protonmail.org
152,Indigo,Joyce,1979-08-25 00:00:00,1-794-546-6407,enim@google.net
153,Kuame,Higgins,1986-11-19 00:00:00,1-563-858-1806,pharetra.sed@icloud.net
154,Wyoming,Webster,1986-02-07 00:00:00,1-666-142-2283,condimentum.donec.at@hotmail.com
155,Kasimir,Owens,1974-06-22 00:00:00,1-568-845-3111,imperdiet@icloud.net
156,Barclay,Welch,1988-03-28 00:00:00,1-662-517-8892,nunc@protonmail.org
157,Hashim,Schroeder,1988-07-07 00:00:00,1-788-699-1766,vel.convallis@outlook.ca
158,Honorato,Farmer,1991-04-05 00:00:00,1-876-283-3317,elit.pede.malesuada@icloud.couk
159,Tad,Houston,1974-05-26 00:00:00,1-506-180-4893,donec.est@yahoo.org
160,Octavia,Love,1979-08-27 00:00:00,1-647-310-2448,eros.proin@yahoo.ca
161,Buffy,O'Neill,1986-07-07 00:00:00,1-993-822-4028,rutrum.non.hendrerit@protonmail.ca
162,Abraham,Spence,1981-12-27 00:00:00,1-277-316-1784,est.mauris@google.ca
163,Mark,Andrews,1977-11-17 00:00:00,1-379-110-4711,pede.nunc.sed@google.net
164,MacKensie,Barry,1990-11-30 00:00:00,1-536-801-1652,ornare.egestas.ligula@google.net
165,Keaton,Barrett,1974-12-17 00:00:00,1-228-706-5023,vitae@hotmail.couk
166,Athena,Suarez,1975-04-08 00:00:00,1-271-455-6656,enim.sit@icloud.couk
167,Wylie,Bishop,1986-03-21 00:00:00,1-852-292-1485,libero.at.auctor@google.net
168,Tatiana,Sparks,1990-12-17 00:00:00,1-617-431-6716,luctus.sit.amet@protonmail.couk
169,Yoshi,Hancock,1990-12-13 00:00:00,1-636-632-7374,sed.pharetra@yahoo.net
170,August,Allen,1986-06-16 00:00:00,1-906-446-5115,arcu.sed@google.edu
171,Fletcher,Berg,1973-09-04 00:00:00,1-442-934-5185,volutpat.ornare@protonmail.couk
172,Dennis,Melendez,1977-07-15 00:00:00,1-539-825-8288,faucibus.ut.nulla@outlook.com
173,Bryar,Salazar,1982-01-17 00:00:00,1-157-311-8624,at@outlook.net
174,Gary,Suarez,1979-10-25 00:00:00,1-793-236-3736,aliquam@google.net
175,Latifah,Hayden,1987-10-12 00:00:00,1-434-435-2289,quis.turpis.vitae@aol.net
176,Evangeline,Knight,1978-01-03 00:00:00,1-671-990-4166,nulla@yahoo.edu
177,Herman,Price,1973-05-04 00:00:00,1-889-546-3814,in.faucibus.morbi@yahoo.ca
178,Acton,Merritt,1988-12-28 00:00:00,1-658-446-2882,pede.suspendisse@protonmail.ca
179,Natalie,Holman,1990-04-02 00:00:00,1-928-605-4463,sed@outlook.ca
180,Ramona,Langley,1988-09-06 00:00:00,1-713-212-6322,ultricies@aol.edu
181,Alma,England,1987-10-26 00:00:00,1-964-362-4234,tincidunt.dui@icloud.net
182,Ryder,Lee,1988-10-30 00:00:00,1-885-702-5834,amet.consectetuer@google.org
183,Florence,Stewart,1981-11-22 00:00:00,1-158-823-5422,ipsum.nunc.id@google.couk
184,Guy,Middleton,1990-07-24 00:00:00,1-898-651-5334,bibendum.sed@hotmail.org
185,Jasper,Little,1986-10-08 00:00:00,1-816-433-1727,porttitor@protonmail.couk
186,Barclay,Key,1976-04-01 00:00:00,1-792-683-8551,pede.malesuada@hotmail.org
187,May,Robbins,1990-05-08 00:00:00,1-297-884-9238,ornare.lectus@hotmail.ca
188,Ann,Black,1983-08-22 00:00:00,1-517-260-5700,scelerisque@aol.couk
189,Miranda,Dudley,1991-07-17 00:00:00,1-146-883-0666,quam@icloud.ca
190,Brittany,Oliver,1973-06-03 00:00:00,1-241-543-7840,mauris.eu@hotmail.couk
191,Quail,Hardy,1975-07-25 00:00:00,1-311-255-0555,at.fringilla@protonmail.ca
192,Slade,Monroe,1976-08-18 00:00:00,1-359-474-3779,neque.sed@protonmail.net
193,Melvin,Chaney,1985-12-30 00:00:00,1-246-618-7151,fringilla@outlook.org
194,Charles,Mccarthy,1982-10-16 00:00:00,1-297-759-7422,sapien.molestie.orci@icloud.net
195,Bert,Dunlap,1983-04-20 00:00:00,1-331-283-7172,odio.aliquam@google.net
196,Madonna,Kemp,1984-07-26 00:00:00,1-827-675-7721,fringilla.purus@protonmail.couk
197,Kathleen,Conrad,1981-01-25 00:00:00,1-845-488-6111,semper.nam@hotmail.net
198,Nina,Huff,1986-10-03 00:00:00,1-648-677-5825,aliquam@outlook.org
199,Chloe,Knapp,1991-04-17 00:00:00,1-725-561-9250,nunc@google.ca
200,Kim,Kennedy,1990-09-13 00:00:00,1-811-733-8023,tincidunt.nunc@aol.org
201,Neil,Hayes,1976-06-25 00:00:00,1-576-373-7828,nam.nulla@icloud.org
202,Gray,Noble,1986-10-16 00:00:00,1-419-984-7453,nascetur.ridiculus@hotmail.edu
203,Julian,Chavez,1989-05-22 00:00:00,1-237-836-2747,non.sollicitudin@icloud.edu
204,Maia,Leon,1986-10-04 00:00:00,1-361-827-6231,proin.velit@outlook.edu
205,Jonas,Jimenez,1991-11-03 00:00:00,1-443-489-5046,ac.arcu@outlook.couk
206,Kiara,Boyd,1992-04-12 00:00:00,1-889-175-9616,consequat@google.com
207,Ivy,Espinoza,1985-09-21 00:00:00,1-369-648-1603,est.arcu.ac@protonmail.ca
208,Beatrice,Curtis,1983-10-17 00:00:00,1-266-314-8324,non.magna@protonmail.couk
209,Wing,Daugherty,1987-09-02 00:00:00,1-964-532-4476,vulputate.risus@hotmail.net
210,Eve,Powers,1982-12-18 00:00:00,1-216-413-8656,ipsum.ac@google.couk
211,Regina,Caldwell,1976-11-17 00:00:00,1-872-597-3466,tincidunt.congue@outlook.com
212,Latifah,Boyd,1978-02-20 00:00:00,1-753-843-1740,donec.nibh.enim@protonmail.couk
213,George,Hoover,1986-08-21 00:00:00,1-656-717-6055,sit.amet.massa@yahoo.net
214,Zephr,Kline,1985-12-15 00:00:00,1-381-437-4949,orci.phasellus@hotmail.net
215,Adria,Moss,1983-01-13 00:00:00,1-245-741-0712,mattis@aol.com
216,Breanna,Palmer,1979-05-21 00:00:00,1-550-287-8644,cursus.a.enim@icloud.net
217,Iliana,Bryan,1980-08-16 00:00:00,1-714-522-5652,tincidunt@google.edu
218,Emery,Pitts,1983-07-09 00:00:00,1-548-762-4981,donec.tincidunt@aol.com
219,Adrienne,Oneal,1977-01-17 00:00:00,1-863-563-4290,libero.et@hotmail.com
220,Francesca,Hebert,1973-06-18 00:00:00,1-924-595-8411,cras.lorem@hotmail.edu
221,Bernard,Christensen,1984-11-26 00:00:00,1-109-881-0881,arcu@protonmail.com
222,Paki,Vargas,1979-10-04 00:00:00,1-627-784-0212,in@google.com
223,Montana,Wynn,1980-06-09 00:00:00,1-623-707-3465,sapien.molestie@protonmail.net
224,Imogene,Mann,1986-10-27 00:00:00,1-824-833-1625,massa.rutrum.magna@outlook.edu
225,Kai,Beck,1989-10-29 00:00:00,1-419-221-2854,amet.consectetuer.adipiscing@hotmail.net
226,Indira,Conway,1973-08-08 00:00:00,1-413-117-4614,sit.amet.consectetuer@outlook.org
227,Honorato,Roberson,1974-01-22 00:00:00,1-727-275-3208,mauris.magna@google.ca
228,Astra,Mccray,1983-02-25 00:00:00,1-414-631-7212,sed@icloud.couk
229,Leslie,Steele,1975-05-19 00:00:00,1-222-820-5366,blandit.at.nisi@aol.org
230,Ezekiel,Swanson,1986-11-13 00:00:00,1-267-833-1381,at.sem.molestie@outlook.edu
231,Ferris,Patel,1976-03-21 00:00:00,1-453-243-3317,in.nec@outlook.org
232,Hannah,Howe,1974-04-01 00:00:00,1-764-317-4121,enim.nisl@outlook.edu
233,Zephania,Ramos,1991-03-28 00:00:00,1-374-528-3433,non.enim.mauris@yahoo.com
234,Orlando,Figueroa,1990-01-02 00:00:00,1-734-309-6847,diam.lorem@outlook.couk
235,Suki,Wood,1980-03-17 00:00:00,1-440-213-1837,dis.parturient.montes@outlook.com
236,Wanda,Malone,1979-07-26 00:00:00,1-148-837-6246,habitant.morbi.tristique@icloud.net
237,Leila,Haynes,1981-07-26 00:00:00,1-407-332-4295,condimentum.eget@google.com
238,Bert,Rosario,1988-09-14 00:00:00,1-599-333-6618,nulla@outlook.com
239,Kalia,Marquez,1988-01-22 00:00:00,1-624-333-3185,volutpat.nunc.sit@aol.couk
240,Brittany,Moses,1986-02-28 00:00:00,1-341-977-1561,elit@outlook.edu
241,Moana,Sparks,1974-04-27 00:00:00,1-815-353-3716,commodo.auctor@aol.ca
242,Howard,Peck,1975-04-11 00:00:00,1-647-561-4551,egestas@google.org
243,Hayes,Lowe,1987-10-16 00:00:00,1-421-881-1452,et.lacinia@yahoo.com
244,Pandora,Grant,1978-11-02 00:00:00,1-916-791-5816,cras.eu@yahoo.couk
245,Gareth,Castro,1973-10-06 00:00:00,1-559-672-6505,elementum.purus.accumsan@aol.com
246,Jada,Taylor,1985-10-24 00:00:00,1-513-302-5423,lorem.vehicula@google.couk
247,Charde,Whitfield,1986-06-16 00:00:00,1-169-327-9628,in@icloud.com
248,Beau,Ashley,1978-08-27 00:00:00,1-867-636-1729,at.pede.cras@hotmail.net
249,Donna,Ryan,1980-09-20 00:00:00,1-638-364-8597,et.ultrices@yahoo.org
250,Brian,Booth,1982-12-01 00:00:00,1-718-782-8820,rhoncus.id@hotmail.org
251,Claire,Barrett,1975-11-26 00:00:00,1-851-529-9367,justo.sit@hotmail.couk
252,Chancellor,Mullins,1988-11-09 00:00:00,1-559-729-6588,mi.enim.condimentum@protonmail.couk
253,Mariam,Mcfadden,1984-06-20 00:00:00,1-486-379-1081,nunc.quisque@google.net
254,Ross,Gould,1988-12-29 00:00:00,1-451-297-9655,semper.dui.lectus@outlook.net
255,Cyrus,Finch,1980-08-11 00:00:00,1-254-423-8266,eu.odio.tristique@icloud.net
256,Maggie,Mcguire,1975-08-22 00:00:00,1-286-325-6421,dapibus@protonmail.edu
257,Alana,Kelly,1985-01-01 00:00:00,1-884-310-7682,sed.congue@hotmail.couk
258,Jennifer,Moss,1976-08-27 00:00:00,1-573-392-8411,mi.eleifend@yahoo.com
259,Hanae,Whitaker,1978-11-27 00:00:00,1-285-653-7545,class.aptent.taciti@aol.edu
260,Armando,Pennington,1991-09-26 00:00:00,1-969-577-0601,phasellus.dolor@google.ca
261,Oren,Everett,1983-02-14 00:00:00,1-503-533-6786,semper.rutrum@aol.net
262,Ivan,Clemons,1988-03-27 00:00:00,1-441-759-4728,placerat.cras.dictum@outlook.couk
263,Porter,Aguilar,1988-11-18 00:00:00,1-938-314-5758,ornare.libero.at@outlook.org
264,Colette,Vega,1981-01-14 00:00:00,1-375-807-7764,ut.mi.duis@yahoo.net
265,Eric,Barr,1990-09-10 00:00:00,1-816-394-4813,velit.egestas@aol.ca
266,Shellie,Roman,1986-03-29 00:00:00,1-725-252-8744,sit.amet@hotmail.edu
267,Travis,Gibbs,1984-05-24 00:00:00,1-472-355-4347,curabitur.egestas@protonmail.org
268,Dacey,Nash,1978-10-02 00:00:00,1-414-412-2455,metus.sit@outlook.org
269,Cullen,Mcclain,1984-11-28 00:00:00,1-695-259-1565,in.condimentum@aol.couk
270,Kibo,Oliver,1974-08-21 00:00:00,1-592-744-8676,turpis.nec@yahoo.org
271,Xander,Mcfarland,1975-11-24 00:00:00,1-795-662-0888,vitae@yahoo.couk
272,Zeus,Haley,1975-12-25 00:00:00,1-252-527-2351,sem@icloud.edu
273,Gay,Torres,1973-12-28 00:00:00,1-866-781-6257,augue.scelerisque.mollis@outlook.net
274,Kennedy,Gonzalez,1987-10-30 00:00:00,1-818-685-7788,vulputate@hotmail.ca
275,Garrison,Pacheco,1980-02-29 00:00:00,1-324-663-4494,sollicitudin.a.malesuada@aol.org
276,Marny,Patrick,1981-06-06 00:00:00,1-271-114-6286,nunc@yahoo.org
277,Ashton,Riggs,1990-03-22 00:00:00,1-587-956-5251,enim.suspendisse@outlook.couk
278,Aristotle,Cash,1977-08-09 00:00:00,1-363-455-7151,quis.diam.luctus@outlook.edu
279,Tashya,Price,1986-08-01 00:00:00,1-440-600-2178,dictum@google.couk
280,Rooney,Craft,1984-06-15 00:00:00,1-401-275-0358,placerat@yahoo.net
281,Astra,Mccarty,1973-11-20 00:00:00,1-847-343-4427,sodales.mauris.blandit@google.org
282,Keaton,Donaldson,1991-02-02 00:00:00,1-264-724-6896,hendrerit.donec@outlook.org
283,Amena,Schneider,1979-10-30 00:00:00,1-737-884-1968,sociis.natoque@yahoo.edu
284,Jared,Battle,1975-06-08 00:00:00,1-638-686-7329,nibh@yahoo.couk
285,Bevis,Keller,1980-01-31 00:00:00,1-380-797-0692,feugiat.nec@protonmail.com
286,Scarlet,Duffy,1976-05-08 00:00:00,1-413-267-1041,erat.etiam.vestibulum@hotmail.org
287,Calista,Kelley,1983-10-30 00:00:00,1-262-884-1546,adipiscing.non@aol.couk
288,Eleanor,Rivera,1983-06-13 00:00:00,1-754-425-7029,duis@hotmail.com
289,Willow,Lancaster,1988-05-18 00:00:00,1-121-414-6583,commodo@protonmail.net
290,Patricia,Blankenship,1987-05-28 00:00:00,1-584-682-7716,posuere.cubilia.curae@google.edu
291,Harrison,Robbins,1990-12-22 00:00:00,1-450-323-2723,egestas.sed.pharetra@google.com
292,Zelda,Hays,1991-06-07 00:00:00,1-719-546-1753,adipiscing.elit.aliquam@outlook.net
293,Thomas,Jacobs,1990-02-15 00:00:00,1-474-720-6832,purus.in@yahoo.com
294,Francis,Mullins,1976-12-22 00:00:00,1-257-225-4469,elit.pharetra@aol.net
295,Amena,Vincent,1979-12-03 00:00:00,1-251-354-1242,in.nec@yahoo.couk
296,Deacon,Sullivan,1982-10-12 00:00:00,1-333-641-4127,arcu.vestibulum@outlook.org
297,Libby,Todd,1986-04-13 00:00:00,1-894-355-6101,dui@google.couk
298,Silas,Richards,1982-06-18 00:00:00,1-228-937-3813,morbi.metus@aol.edu
299,Dante,Decker,1974-02-22 00:00:00,1-339-421-3635,nisl@protonmail.edu
300,Melyssa,Fleming,1988-02-25 00:00:00,1-330-748-2852,arcu@yahoo.com
301,Daniel,Gomez,1977-01-29 00:00:00,1-877-364-1466,magna@outlook.edu
302,Kay,Ray,1973-05-28 00:00:00,1-426-121-7346,non.nisi.aenean@yahoo.edu
303,Gisela,Horn,1978-06-18 00:00:00,1-777-415-8373,a.neque.nullam@protonmail.com
304,Myles,Petersen,1984-06-23 00:00:00,1-695-832-2983,auctor.quis@aol.net
305,Brynne,Reilly,1981-05-21 00:00:00,1-842-839-5389,eleifend.cras@protonmail.couk
306,Oleg,Garrison,1991-11-26 00:00:00,1-523-810-2882,vel.nisl@icloud.net
307,Tate,Benjamin,1987-02-16 00:00:00,1-569-826-6784,cras@hotmail.org
308,Quamar,Rich,1990-12-13 00:00:00,1-838-980-6707,mi.duis@outlook.couk
309,Belle,Dejesus,1987-02-26 00:00:00,1-556-335-7883,adipiscing.elit.aliquam@aol.couk
310,Alec,Gentry,1986-11-14 00:00:00,1-289-568-1273,faucibus.orci.luctus@aol.ca
311,Mercedes,Salas,1978-12-12 00:00:00,1-255-733-4635,accumsan.interdum@icloud.edu
312,Jaden,Navarro,1989-10-15 00:00:00,1-268-655-1423,donec.porttitor@aol.net
313,Odessa,Torres,1976-01-26 00:00:00,1-219-114-6863,orci@hotmail.com
314,Lewis,Koch,1977-04-10 00:00:00,1-334-528-5822,mi@outlook.org
315,Montana,Webb,1982-06-05 00:00:00,1-323-626-5717,consectetuer@outlook.com
316,Montana,Pate,1979-09-19 00:00:00,1-233-903-7633,ac@yahoo.net
317,Joel,Knox,1989-05-06 00:00:00,1-437-575-7535,lorem.semper.auctor@protonmail.edu
318,Maxwell,West,1985-03-03 00:00:00,1-564-576-1327,arcu@outlook.ca
319,Keaton,Grant,1991-10-15 00:00:00,1-281-744-7187,luctus@google.com
320,Scarlett,Simon,1976-09-15 00:00:00,1-515-877-8786,ac@outlook.couk
321,Sandra,Ward,1979-12-24 00:00:00,1-628-345-1178,id.enim@aol.org
322,Clayton,Woodward,1986-12-03 00:00:00,1-708-514-3131,turpis.nec@aol.com
323,Reagan,Prince,1990-07-24 00:00:00,1-598-618-7314,nibh.quisque@yahoo.com
324,Ray,Vargas,1987-08-02 00:00:00,1-153-743-5316,ac.nulla@google.org
325,Quinn,Cooke,1979-01-30 00:00:00,1-893-938-3673,vitae.semper@google.net
326,Steel,Golden,1991-11-08 00:00:00,1-281-819-6602,integer.vulputate@hotmail.net
327,Mufutau,Elliott,1976-06-25 00:00:00,1-148-201-3135,ac.facilisis@yahoo.org
328,Zahir,Howard,1992-02-28 00:00:00,1-281-924-7211,iaculis.quis@icloud.com
329,Zephania,Kerr,1973-10-03 00:00:00,1-546-851-3987,nulla.tincidunt.neque@outlook.com
330,Rigel,Dennis,1986-01-06 00:00:00,1-348-153-6531,sapien.molestie.orci@google.ca
331,Frances,Vance,1982-11-20 00:00:00,1-551-453-2414,nullam.feugiat.placerat@google.net
332,Lael,Cochran,1976-10-16 00:00:00,1-261-457-4543,proin.ultrices.duis@hotmail.org
333,Abbot,Landry,1984-12-30 00:00:00,1-264-965-8333,aliquam.vulputate@aol.com
334,Gray,Bush,1985-11-29 00:00:00,1-233-732-0851,primis.in.faucibus@google.ca
335,Demetria,Carr,1985-11-07 00:00:00,1-414-188-7987,dui@icloud.couk
336,Kermit,David,1980-02-02 00:00:00,1-522-176-7391,nisl.maecenas.malesuada@google.com
337,Yuli,Flynn,1979-03-26 00:00:00,1-445-215-2282,aenean.eget.metus@google.edu
338,Melissa,Shannon,1987-01-02 00:00:00,1-282-658-1680,purus.mauris@hotmail.edu
339,Rogan,Meyer,1986-10-30 00:00:00,1-463-515-5897,metus@hotmail.com
340,Elton,Hickman,1979-02-21 00:00:00,1-913-407-9607,felis@aol.com
341,Jameson,Cline,1984-03-05 00:00:00,1-533-297-1385,mollis.lectus@icloud.ca
342,Colton,Hancock,1982-08-29 00:00:00,1-286-866-6915,diam.eu.dolor@aol.edu
343,Amal,Mullins,1981-05-16 00:00:00,1-581-808-1176,sollicitudin.orci@outlook.couk
344,Jordan,Burke,1984-08-01 00:00:00,1-883-287-5252,auctor.odio@icloud.com
345,Norman,Delacruz,1981-01-05 00:00:00,1-895-793-1703,nunc.ac@protonmail.ca
346,Damon,Strong,1985-01-01 00:00:00,1-471-583-8878,neque@yahoo.ca
347,Shelley,Kline,1985-02-19 00:00:00,1-735-441-9468,ullamcorper@google.org
348,Joshua,Haynes,1983-03-11 00:00:00,1-885-579-4660,cursus.a.enim@outlook.org
349,Nasim,Meyer,1985-01-02 00:00:00,1-777-869-4408,et.tristique@outlook.com
350,Hedy,Horne,1984-04-25 00:00:00,1-585-334-9456,donec.at@google.couk
351,Chaney,Spears,1984-05-12 00:00:00,1-713-362-3754,ligula@aol.org
352,Carissa,Bailey,1990-05-17 00:00:00,1-358-882-3119,fringilla.cursus.purus@protonmail.net
353,Bradley,Price,1973-12-17 00:00:00,1-551-194-2348,pede.praesent@outlook.com
354,Evelyn,Lamb,1986-02-21 00:00:00,1-432-403-9833,vitae.orci.phasellus@yahoo.org
355,Martina,Carter,1986-09-21 00:00:00,1-742-504-6173,tincidunt.tempus.risus@hotmail.com
356,Raymond,Rocha,1981-06-12 00:00:00,1-846-588-3265,praesent@protonmail.org
357,Nell,Marsh,1980-05-19 00:00:00,1-374-495-1993,elit.curabitur.sed@google.edu
358,Todd,Doyle,1991-02-20 00:00:00,1-777-729-5832,ante.lectus@google.com
359,Amanda,Dennis,1974-08-30 00:00:00,1-565-305-8431,tellus.id@aol.com
360,Hiram,Bartlett,1977-04-08 00:00:00,1-467-433-8808,sodales.purus@aol.com
361,Chantale,Bonner,1987-12-14 00:00:00,1-461-357-6195,class.aptent.taciti@hotmail.net
362,Kay,Mendez,1982-10-14 00:00:00,1-224-684-4417,maecenas@outlook.couk
363,Shelly,Wilcox,1974-06-17 00:00:00,1-435-867-7223,dis.parturient.montes@icloud.ca
364,Neville,Lopez,1985-03-20 00:00:00,1-175-358-6922,aenean.massa@google.net
365,Guinevere,Best,1979-02-09 00:00:00,1-667-645-6263,leo.vivamus@aol.couk
366,Jackson,Cooke,1984-09-25 00:00:00,1-267-888-5821,auctor.velit.aliquam@hotmail.net
367,Kadeem,Small,1992-02-10 00:00:00,1-863-631-6318,molestie@aol.ca
368,Cade,Haynes,1983-06-30 00:00:00,1-812-716-5724,sapien@icloud.net
369,Keane,Hogan,1992-03-24 00:00:00,1-612-646-5985,nullam.feugiat.placerat@protonmail.com
370,Giacomo,Benton,1974-02-17 00:00:00,1-395-168-6325,vel.lectus@protonmail.ca
371,Sandra,Allison,1984-08-20 00:00:00,1-735-688-3256,aliquam.rutrum@aol.net
372,Olivia,Padilla,1988-10-11 00:00:00,1-850-533-3103,sit.amet@icloud.couk
373,Gareth,O'brien,1987-12-07 00:00:00,1-686-916-7257,donec@google.edu
374,Ulysses,Knapp,1989-01-10 00:00:00,1-745-760-3975,neque@yahoo.couk
375,Suki,Lowery,1980-05-23 00:00:00,1-437-535-0617,amet.risus@google.ca
376,Abraham,Romero,1982-06-16 00:00:00,1-651-837-8174,eu.nulla.at@protonmail.net
377,Kiara,Delgado,1984-10-19 00:00:00,1-431-342-4265,eget.magna@protonmail.net
378,Rigel,West,1985-08-21 00:00:00,1-819-508-3682,aliquet.diam.sed@hotmail.edu
379,Yoshi,Decker,1980-11-30 00:00:00,1-572-236-0384,elit.sed@protonmail.edu
380,Dora,Salinas,1973-07-26 00:00:00,1-782-152-0497,eget@yahoo.ca
381,Quail,Bates,1987-07-09 00:00:00,1-810-345-0522,augue.sed@icloud.org
382,Ariel,Ball,1989-04-29 00:00:00,1-595-724-8954,nullam.ut.nisi@google.ca
383,Xenos,Flynn,1990-12-05 00:00:00,1-906-315-0239,fusce.diam@icloud.org
384,Olivia,Simpson,1976-10-18 00:00:00,1-341-743-8614,tincidunt.tempus@outlook.couk
385,Bethany,Atkins,1985-11-14 00:00:00,1-463-506-2447,ante.bibendum.ullamcorper@google.com
386,Beau,Lane,1973-09-10 00:00:00,1-534-821-6147,a.tortor@google.org
387,Jane,Decker,1975-12-28 00:00:00,1-812-846-8253,ut@yahoo.ca
388,Oprah,Cooley,1979-03-23 00:00:00,1-461-644-1841,aliquam.auctor.velit@google.org
389,Benedict,Reese,1981-06-14 00:00:00,1-246-587-5152,nulla@protonmail.com
390,Glenna,Morton,1983-08-17 00:00:00,1-905-631-0401,lectus.a@outlook.net
391,Ivor,Short,1984-03-09 00:00:00,1-666-203-0173,augue.eu.tellus@yahoo.edu
392,Kristen,Bates,1988-10-30 00:00:00,1-373-955-8341,proin@protonmail.edu
393,Finn,Bishop,1977-03-30 00:00:00,1-422-265-1274,odio.nam.interdum@google.com
394,Dieter,Pierce,1977-07-13 00:00:00,1-822-374-7125,pulvinar.arcu@outlook.ca
395,Charles,Haney,1989-06-30 00:00:00,1-428-276-1406,integer@icloud.edu
396,Dante,Coleman,1982-03-09 00:00:00,1-362-160-6762,dis.parturient@yahoo.com
397,Beck,Myers,1987-07-10 00:00:00,1-479-308-4032,sagittis.nullam.vitae@outlook.com
398,Lee,Dawson,1976-04-20 00:00:00,1-674-845-2154,elit@protonmail.org
399,Amos,Hurst,1980-01-03 00:00:00,1-451-722-1271,faucibus.orci.luctus@google.org
400,Brennan,Fry,1991-01-26 00:00:00,1-915-477-5742,gravida.non@yahoo.net
401,Graiden,Lindsay,1974-09-24 00:00:00,1-491-855-2568,lorem.ac.risus@icloud.org
402,Ramona,Browning,1989-01-31 00:00:00,1-868-975-1081,tristique.senectus.et@google.edu
403,Dominique,Wooten,1985-01-08 00:00:00,1-478-949-8663,tincidunt.nibh@outlook.couk
404,Hope,Craig,1980-03-28 00:00:00,1-655-863-1662,purus.maecenas.libero@yahoo.net
405,Caesar,Travis,1980-03-08 00:00:00,1-707-667-3164,cras@outlook.org
406,Maya,Jacobson,1980-01-10 00:00:00,1-618-387-2486,ligula.tortor.dictum@yahoo.couk
407,Kermit,Wilkinson,1977-10-12 00:00:00,1-526-793-1136,suspendisse.sagittis@icloud.org
408,Oleg,Watson,1985-02-23 00:00:00,1-488-667-3005,amet.lorem@protonmail.couk
409,Shafira,Norris,1980-08-01 00:00:00,1-233-972-1801,fusce.fermentum@outlook.ca
410,Stewart,Cole,1983-05-05 00:00:00,1-282-748-7436,enim.suspendisse.aliquet@icloud.net
411,Whilemina,Lancaster,1986-07-05 00:00:00,1-654-383-4863,sociis@yahoo.couk
412,Tate,Leon,1983-01-07 00:00:00,1-813-668-4882,luctus@protonmail.com
413,Zena,Larson,1989-03-12 00:00:00,1-755-606-5142,dictum.eleifend@icloud.edu
414,Emma,Conway,1979-09-28 00:00:00,1-264-904-1182,erat.etiam@icloud.ca
415,Zenia,Sims,1988-02-24 00:00:00,1-678-446-1698,vel.faucibus.id@yahoo.net
416,Dominic,Avila,1975-08-09 00:00:00,1-578-657-0375,interdum.ligula@google.ca
417,Callum,Oneal,1980-11-28 00:00:00,1-590-346-4812,auctor@protonmail.org
418,Nell,Hunter,1989-12-11 00:00:00,1-288-965-2458,proin.ultrices@google.couk
419,Wynter,Burton,1981-04-10 00:00:00,1-728-358-8569,felis@google.com
420,Serina,Shepherd,1983-08-15 00:00:00,1-642-428-5868,quam@protonmail.org
421,Slade,Rivers,1987-10-31 00:00:00,1-665-651-5272,lacus.varius@hotmail.edu
422,Yetta,Mcdaniel,1985-09-10 00:00:00,1-248-647-0627,nunc.mauris@hotmail.com
423,Lyle,Gallagher,1980-09-06 00:00:00,1-956-772-4291,donec.est@hotmail.com
424,Kai,Dotson,1990-07-06 00:00:00,1-452-570-9251,neque.sed@google.com
425,Abraham,Shannon,1978-04-24 00:00:00,1-353-418-7384,erat@yahoo.com
426,Regan,Blair,1989-06-12 00:00:00,1-214-211-1892,eu@protonmail.ca
427,Ulric,Atkinson,1975-12-18 00:00:00,1-119-756-2133,magna@protonmail.com
428,Irene,Henson,1985-03-27 00:00:00,1-313-602-8255,aptent.taciti@protonmail.edu
429,Jessica,Buckley,1991-10-19 00:00:00,1-633-771-5353,dictum.magna@yahoo.edu
430,Fay,Randall,1987-06-26 00:00:00,1-535-366-7786,nunc.ut.erat@google.com
431,Hedy,Kirkland,1983-02-08 00:00:00,1-298-703-0352,velit.eu@protonmail.couk
432,Beck,Parsons,1990-08-19 00:00:00,1-646-686-4712,ut.odio@icloud.couk
433,Jessamine,Kim,1986-12-01 00:00:00,1-735-777-4944,velit.pellentesque.ultricies@icloud.couk
434,Caleb,Roth,1981-08-22 00:00:00,1-904-311-7323,facilisis.eget@google.ca
435,Susan,Munoz,1986-03-20 00:00:00,1-511-212-6234,tempor.diam.dictum@outlook.com
436,Lucius,Ramsey,1992-03-03 00:00:00,1-844-394-8177,vitae.purus.gravida@icloud.org
437,Genevieve,George,1985-10-31 00:00:00,1-972-962-5357,ridiculus@aol.org
438,Wayne,Nash,1976-09-13 00:00:00,1-371-822-2612,sapien.imperdiet.ornare@protonmail.edu
439,Hall,Simmons,1977-09-13 00:00:00,1-465-738-3684,sed.orci@icloud.couk
440,Diana,Sexton,1987-05-28 00:00:00,1-944-166-3065,interdum.nunc@google.org
441,Lucas,Strickland,1984-03-18 00:00:00,1-396-972-6554,massa.rutrum@protonmail.net
442,Renee,Mullins,1989-02-17 00:00:00,1-644-525-6003,arcu.vestibulum.ante@outlook.couk
443,Ila,Stein,1985-07-10 00:00:00,1-421-464-5544,semper.tellus@aol.couk
444,Prescott,Logan,1978-10-12 00:00:00,1-670-450-6094,leo.in@aol.couk
445,Candace,Christian,1973-09-13 00:00:00,1-179-662-4331,arcu.eu@google.com
446,Ariel,Hull,1991-12-26 00:00:00,1-854-221-2956,aliquam@outlook.ca
447,Ian,Suarez,1983-01-17 00:00:00,1-818-521-7648,ornare.in@google.edu
448,Maryam,Horton,1976-03-29 00:00:00,1-964-284-1528,magna.suspendisse.tristique@aol.couk
449,Baker,Hopper,1988-11-14 00:00:00,1-506-226-5161,sed.dictum@aol.couk
450,Iliana,Patterson,1991-09-16 00:00:00,1-842-953-5666,arcu.imperdiet@protonmail.ca
451,Caesar,Valenzuela,1985-06-13 00:00:00,1-232-621-6836,eu.odio.phasellus@google.couk
452,Rhona,Donaldson,1974-08-16 00:00:00,1-538-801-2487,sagittis@icloud.ca
453,Hamish,Cochran,1984-07-30 00:00:00,1-156-725-5222,libero.morbi.accumsan@icloud.ca
454,Cyrus,Webster,1982-07-21 00:00:00,1-168-616-2236,iaculis.quis@icloud.ca
455,Kathleen,Bryant,1986-03-05 00:00:00,1-324-133-2681,dolor.nulla.semper@aol.com
456,Ali,Delaney,1983-06-10 00:00:00,1-754-269-5830,eu.tellus@aol.ca
457,Elaine,Hooper,1978-09-07 00:00:00,1-756-718-1457,nibh@protonmail.couk
458,Madaline,Reed,1985-09-20 00:00:00,1-214-581-0698,lectus@outlook.org
459,Jaime,Chapman,1976-06-03 00:00:00,1-180-777-2153,enim.etiam@icloud.couk
460,Oliver,Maynard,1975-03-31 00:00:00,1-666-586-8368,velit.quisque.varius@yahoo.edu
461,Beverly,Ellis,1988-04-19 00:00:00,1-120-371-0261,donec.est@yahoo.ca
462,Ruth,Garza,1976-05-14 00:00:00,1-222-791-5349,nunc.quis@hotmail.couk
463,Jack,Bennett,1973-11-03 00:00:00,1-340-493-8113,non.dui@google.com
464,Merritt,O'Neill,1977-07-07 00:00:00,1-293-861-8515,quis@icloud.edu
465,Mercedes,Warren,1990-10-01 00:00:00,1-398-143-7899,consequat.enim.diam@aol.net
466,Jael,Carney,1989-06-01 00:00:00,1-546-838-0789,semper@icloud.org
467,Oren,Gaines,1991-11-28 00:00:00,1-431-728-2523,id.magna.et@protonmail.org
468,Pamela,Reynolds,1987-09-10 00:00:00,1-203-846-0848,aenean@icloud.com
469,Joel,Lamb,1988-09-14 00:00:00,1-728-812-9537,metus.vivamus.euismod@hotmail.couk
470,Scarlett,Hunter,1987-05-17 00:00:00,1-526-262-2322,nunc.interdum@icloud.couk
471,Michelle,Morgan,1973-12-16 00:00:00,1-826-239-0816,eleifend.vitae@protonmail.edu
472,Lane,Williamson,1978-05-10 00:00:00,1-372-356-1495,dui@google.org
473,Kareem,Holman,1984-12-13 00:00:00,1-815-922-8721,mauris@outlook.couk
474,Edward,Mullen,1990-08-17 00:00:00,1-268-503-2165,magna.lorem.ipsum@yahoo.ca
475,Zenaida,Frye,1986-05-23 00:00:00,1-574-478-3557,dolor@outlook.ca
476,Dieter,Christensen,1979-04-13 00:00:00,1-458-621-7454,nullam.nisl@aol.ca
477,Price,Allison,1989-01-19 00:00:00,1-601-572-6711,leo.elementum.sem@hotmail.com
478,Colorado,James,1981-12-09 00:00:00,1-567-288-0776,fringilla.purus@protonmail.org
479,Joel,Meadows,1989-04-13 00:00:00,1-435-701-5962,suspendisse.sagittis@google.edu
480,Daquan,Collins,1976-10-11 00:00:00,1-311-941-1358,eget.metus@google.org
481,Lila,Chen,1983-05-29 00:00:00,1-682-945-7350,metus.in.nec@google.couk
482,Stacy,Richards,1981-02-04 00:00:00,1-525-201-3758,arcu.vivamus.sit@icloud.org
483,Sage,Osborn,1979-08-12 00:00:00,1-765-975-0718,montes.nascetur@google.org
484,Sean,Garcia,1979-12-14 00:00:00,1-859-278-8011,morbi@outlook.net
485,Eaton,Holcomb,1982-11-14 00:00:00,1-448-691-3753,erat@google.edu
486,Oleg,Robertson,1982-06-24 00:00:00,1-298-219-5467,ac@outlook.couk
487,Amity,Contreras,1985-09-21 00:00:00,1-292-596-1244,mi.aliquam@hotmail.ca
488,Sage,Fischer,1977-03-12 00:00:00,1-878-906-3017,lacus.etiam@hotmail.ca
489,Renee,Barr,1982-05-04 00:00:00,1-281-835-1756,tempor.est@aol.com
490,Gregory,Spence,1986-10-22 00:00:00,1-574-548-9771,morbi.tristique@aol.ca
491,Whilemina,Wheeler,1985-09-28 00:00:00,1-466-169-5665,dolor.nulla@outlook.org
492,Demetrius,Bradshaw,1988-04-13 00:00:00,1-195-692-8841,id.magna@google.edu
493,Brielle,Walls,1978-06-15 00:00:00,1-894-953-1684,neque.sed@yahoo.couk
494,Fleur,Haley,1985-02-19 00:00:00,1-632-223-9624,arcu.curabitur@icloud.org
495,Nicholas,Huff,1975-01-29 00:00:00,1-867-331-1848,interdum.nunc@hotmail.net
496,Shea,Marks,1982-11-29 00:00:00,1-606-474-7623,in.mi@google.edu
497,Isaiah,Flores,1979-07-13 00:00:00,1-522-745-1455,dolor.nonummy@outlook.ca
498,Jamal,Compton,1988-12-06 00:00:00,1-778-504-8917,lectus.cum@protonmail.edu
499,Maryam,Hutchinson,1975-10-11 00:00:00,1-327-530-3630,mattis.semper.dui@protonmail.net
500,Christopher,Camacho,1986-07-05 00:00:00,1-832-381-3537,euismod.est@outlook.com
501,Alan,Craft,1989-11-17 00:00:00,1-573-394-4508,amet@protonmail.ca
502,Sawyer,Good,1988-10-06 00:00:00,1-419-643-7242,sed.tortor.integer@hotmail.edu
503,Xenos,Yang,1984-08-23 00:00:00,1-429-532-6934,nulla@protonmail.com
504,Channing,Johnston,1989-12-29 00:00:00,1-813-774-4446,vitae@protonmail.edu
505,Catherine,Jarvis,1990-01-03 00:00:00,1-757-744-7905,ornare@protonmail.couk
506,Ima,Davidson,1989-09-14 00:00:00,1-778-838-5663,vivamus.rhoncus@aol.net
507,Simon,Potter,1979-09-18 00:00:00,1-723-348-7769,nunc.ullamcorper.eu@outlook.edu
508,Emerald,Frazier,1980-07-26 00:00:00,1-871-504-8031,donec.porttitor@yahoo.com
509,Alfonso,Wall,1990-11-24 00:00:00,1-964-249-9354,sagittis.semper.nam@icloud.org
510,Nelle,Hoover,1989-10-08 00:00:00,1-214-782-7216,enim@google.org
511,Fredericka,Mullins,1986-10-15 00:00:00,1-379-459-2412,non.dapibus.rutrum@google.ca
512,Tara,Payne,1977-05-10 00:00:00,1-653-624-6553,vel.quam@aol.org
513,Lysandra,Olsen,1976-07-18 00:00:00,1-427-774-1886,dapibus@icloud.edu
514,Octavius,Whitfield,1989-04-24 00:00:00,1-754-264-2158,dictum@google.net
515,Rhoda,Boyle,1991-07-01 00:00:00,1-262-231-9888,facilisis.vitae@outlook.com
516,Elijah,Bowers,1983-04-01 00:00:00,1-410-435-9232,donec.fringilla.donec@protonmail.couk
517,Dara,Abbott,1989-01-05 00:00:00,1-544-546-4749,ultrices.duis.volutpat@protonmail.org
518,Melissa,Woodard,1974-06-23 00:00:00,1-488-402-8218,aliquam.iaculis@yahoo.org
519,Holmes,Hunt,1985-06-17 00:00:00,1-355-660-4687,dui.semper.et@protonmail.edu
520,Selma,Joyner,1991-08-27 00:00:00,1-855-364-3604,nam.ligula@outlook.com
521,Armando,Albert,1979-09-30 00:00:00,1-564-717-7893,feugiat.placerat@google.couk
522,Grant,Sandoval,1977-07-03 00:00:00,1-588-991-7712,arcu.et@google.couk
523,Wyatt,Schwartz,1987-10-11 00:00:00,1-319-309-4867,sodales.nisi@protonmail.couk
524,Gavin,Mcleod,1991-08-22 00:00:00,1-986-469-8058,interdum.enim@protonmail.ca
525,Clark,Harris,1981-07-02 00:00:00,1-928-467-1675,nullam@hotmail.couk
526,Keegan,Hill,1984-05-07 00:00:00,1-146-475-9156,inceptos@protonmail.couk
527,Aurora,Melendez,1979-06-19 00:00:00,1-860-384-1045,ac.arcu.nunc@hotmail.com
528,Melissa,Best,1984-12-23 00:00:00,1-241-136-9661,tincidunt.congue@aol.org
529,Dieter,Haley,1986-01-30 00:00:00,1-743-352-6173,et.malesuada@protonmail.ca
530,Zena,Lloyd,1986-09-25 00:00:00,1-536-629-6574,euismod.urna@protonmail.couk
531,Brennan,Reilly,1979-03-31 00:00:00,1-398-673-0132,sem.semper@google.ca
532,Ivana,Andrews,1988-10-05 00:00:00,1-477-436-7856,fusce@aol.org
533,Jaquelyn,Mcfadden,1980-12-14 00:00:00,1-115-515-4511,curae.donec@aol.org
534,Maryam,Cooley,1987-08-04 00:00:00,1-226-227-7032,luctus@icloud.com
535,Levi,Sharp,1975-03-14 00:00:00,1-284-639-2818,vel.quam@aol.edu
536,Burke,Sweeney,1976-12-01 00:00:00,1-365-829-2319,pellentesque.massa@google.edu
537,Maryam,Rollins,1989-09-28 00:00:00,1-720-442-2466,vitae.nibh.donec@icloud.org
538,Rebecca,Booth,1985-01-31 00:00:00,1-831-670-5576,integer.urna@yahoo.ca
539,Debra,Day,1991-04-18 00:00:00,1-806-792-1880,egestas@outlook.com
540,Boris,Mcdonald,1975-08-29 00:00:00,1-518-544-2997,risus@outlook.net
541,Quinn,Berry,1979-05-08 00:00:00,1-657-482-9840,cras.vehicula.aliquet@yahoo.couk
542,Ferris,Weeks,1979-06-16 00:00:00,1-862-215-1176,suscipit.est.ac@icloud.com
543,Dylan,Duke,1978-12-08 00:00:00,1-908-372-5118,a.scelerisque@yahoo.couk
544,Lee,Beasley,1974-05-27 00:00:00,1-517-348-4526,class.aptent@google.edu
545,Zeph,Sharpe,1984-04-03 00:00:00,1-174-878-5995,nunc.commodo@outlook.edu
546,Keith,Barlow,1978-06-21 00:00:00,1-405-568-6855,dictum.eu@yahoo.net
547,Michelle,Fisher,1974-12-10 00:00:00,1-872-478-7842,porttitor.vulputate@hotmail.org
548,Signe,Bond,1984-03-18 00:00:00,1-253-470-3092,nec.urna.et@protonmail.couk
549,Jason,Prince,1988-11-03 00:00:00,1-433-756-5148,vel@yahoo.net
550,Kylee,Tanner,1986-03-18 00:00:00,1-243-200-5434,et.magnis@yahoo.ca
551,Charity,Hooper,1980-01-20 00:00:00,1-737-402-1231,aliquam.adipiscing.lobortis@aol.com
552,Avye,Franco,1976-07-13 00:00:00,1-410-864-3568,dignissim.pharetra.nam@hotmail.ca
553,Xantha,Finch,1976-12-26 00:00:00,1-560-779-7745,tellus@outlook.org
554,Astra,Turner,1986-05-20 00:00:00,1-271-986-0981,dictum.mi@icloud.edu
555,Hedwig,Velazquez,1975-06-07 00:00:00,1-357-895-1875,semper@icloud.ca
556,Amber,Hardy,1974-07-17 00:00:00,1-379-214-6235,libero.proin.sed@hotmail.edu
557,Vanna,Mosley,1986-06-27 00:00:00,1-515-334-0947,ipsum.leo@outlook.com
558,Rachel,Chambers,1981-01-04 00:00:00,1-843-462-6491,suspendisse.ac.metus@hotmail.net
559,Quentin,Osborn,1978-11-24 00:00:00,1-162-478-2873,vivamus.euismod@hotmail.com
560,Kennedy,Guerrero,1977-02-22 00:00:00,1-960-736-3484,orci.phasellus.dapibus@protonmail.net
561,Duncan,Clay,1982-03-12 00:00:00,1-887-961-3319,eleifend.nec@aol.edu
562,Baxter,Mills,1974-03-30 00:00:00,1-562-543-4644,quisque.varius@outlook.com
563,Kylee,Duran,1976-06-06 00:00:00,1-612-764-6617,aenean.eget.metus@outlook.ca
564,Martin,Doyle,1987-06-03 00:00:00,1-387-187-8245,felis.adipiscing@outlook.com
565,Harlan,Britt,1973-08-20 00:00:00,1-314-215-6187,euismod.urna@outlook.org
566,Lacy,Wagner,1987-07-16 00:00:00,1-481-831-3367,inceptos.hymenaeos.mauris@google.ca
567,Honorato,Romero,1987-03-04 00:00:00,1-677-846-1215,in.ornare@google.edu
568,Hammett,Meyers,1989-09-14 00:00:00,1-643-312-7073,tristique@outlook.couk
569,Asher,Powers,1975-12-25 00:00:00,1-803-735-2657,ut.dolor@aol.com
570,Laith,Lamb,1980-12-13 00:00:00,1-135-963-2279,mauris@protonmail.org
571,Oren,Winters,1976-09-13 00:00:00,1-527-812-8880,ac.mattis@protonmail.ca
572,Rylee,Mitchell,1987-04-07 00:00:00,1-517-577-1145,tincidunt.orci@google.edu
573,Vielka,Atkins,1982-01-11 00:00:00,1-849-431-7481,nunc.pulvinar@google.com
574,Moses,Baird,1977-11-19 00:00:00,1-727-355-6346,posuere.enim@hotmail.com
575,Kato,Vasquez,1991-09-18 00:00:00,1-292-729-4083,ornare.facilisis.eget@google.org
576,Amena,Brock,1990-06-30 00:00:00,1-613-583-7997,non.magna@icloud.couk
577,Helen,Wilson,1980-06-06 00:00:00,1-887-958-5617,duis@yahoo.com
578,Octavia,Watts,1988-09-07 00:00:00,1-216-612-0415,orci.ut@yahoo.couk
579,Xenos,Berry,1989-03-31 00:00:00,1-401-238-4528,nec.tempus@yahoo.com
580,Adria,Cash,1975-03-05 00:00:00,1-510-552-4271,placerat.orci.lacus@google.net
581,Morgan,Duke,1981-09-02 00:00:00,1-567-563-2739,viverra.donec@yahoo.ca
582,Walter,Rowland,1979-08-11 00:00:00,1-661-685-2185,interdum.libero@icloud.org
583,Conan,Sampson,1990-11-07 00:00:00,1-648-310-7394,arcu.vestibulum.ante@hotmail.net
584,Kaitlin,Summers,1983-11-30 00:00:00,1-243-698-2473,class.aptent.taciti@outlook.couk
585,Axel,Vang,1990-07-16 00:00:00,1-657-367-7062,lorem@protonmail.net
586,Nevada,Ramsey,1987-06-28 00:00:00,1-613-399-6816,pellentesque@protonmail.ca
587,Dara,Carey,1988-08-31 00:00:00,1-324-178-2361,curabitur.consequat@outlook.couk
588,Dalton,Cantu,1987-11-18 00:00:00,1-353-674-9978,duis.sit.amet@aol.edu
589,Nelle,Espinoza,1981-03-20 00:00:00,1-219-861-0775,faucibus.leo@protonmail.com
590,Omar,Vasquez,1991-05-19 00:00:00,1-204-742-8825,nec@protonmail.com
591,Oscar,Watts,1987-03-03 00:00:00,1-944-265-6291,magna.nam@hotmail.edu
592,Damian,Burgess,1978-10-04 00:00:00,1-477-568-8678,ac.mattis.velit@outlook.couk
593,Isaiah,Osborne,1990-08-26 00:00:00,1-564-306-6694,dui.quis@icloud.edu
594,Asher,Cote,1989-10-19 00:00:00,1-715-602-4778,sed.est@hotmail.org
595,Keefe,Farley,1979-06-03 00:00:00,1-335-877-9506,amet.massa@hotmail.org
596,Chiquita,Kidd,1979-07-27 00:00:00,1-687-260-0267,tincidunt.congue@yahoo.edu
597,Sheila,Mcdonald,1988-04-03 00:00:00,1-332-445-2148,adipiscing.lobortis@hotmail.com
598,Austin,Mcfadden,1973-06-19 00:00:00,1-348-411-8232,lobortis.ultrices.vivamus@protonmail.com
599,Lani,Osborne,1981-07-19 00:00:00,1-912-552-8318,lacinia.at.iaculis@protonmail.com
600,Howard,Wallace,1987-01-18 00:00:00,1-886-210-6453,quis.diam.luctus@google.ca
601,Kenyon,Sullivan,1990-09-30 00:00:00,1-866-677-3545,diam.at@outlook.couk
602,Elliott,Head,1990-07-05 00:00:00,1-243-540-6753,cursus.diam@google.ca
603,Zeus,Little,1978-10-27 00:00:00,1-285-262-1797,enim.sit@google.edu
604,Willa,Frederick,1980-09-28 00:00:00,1-106-441-7068,dictum.placerat.augue@protonmail.edu
605,Tanek,Poole,1989-06-01 00:00:00,1-568-335-1534,morbi.tristique@hotmail.couk
606,Wesley,Lynn,1987-04-08 00:00:00,1-782-647-4853,at.augue.id@aol.couk
607,Graiden,Powell,1992-03-06 00:00:00,1-483-285-4765,nec@hotmail.edu
608,Shelby,Phillips,1981-02-11 00:00:00,1-105-248-5565,vehicula.aliquet@yahoo.com
609,Noel,Blake,1983-03-11 00:00:00,1-269-474-6148,ut.pharetra.sed@google.edu
610,Kyle,Strong,1978-04-27 00:00:00,1-554-551-5326,vitae.purus@google.couk
611,Emerson,Blackwell,1975-07-24 00:00:00,1-813-282-6742,dictum.mi@icloud.org
612,Blythe,Howe,1980-03-17 00:00:00,1-263-404-6538,penatibus.et@hotmail.edu
613,Ishmael,Avila,1974-02-21 00:00:00,1-877-888-7478,scelerisque.mollis@outlook.com
614,Oliver,Osborne,1990-12-23 00:00:00,1-601-223-5786,tincidunt.congue.turpis@yahoo.net
615,Nyssa,Mcintosh,1979-09-17 00:00:00,1-555-475-5273,ligula.nullam@hotmail.ca
616,Zephania,Romero,1973-06-21 00:00:00,1-649-845-8656,non.nisi@outlook.ca
617,Lucy,Rich,1989-09-12 00:00:00,1-106-485-5656,pulvinar@aol.edu
618,Carlos,Horn,1984-09-02 00:00:00,1-502-658-9602,quis@hotmail.ca
619,Ashton,Brock,1979-03-26 00:00:00,1-530-573-3539,blandit.viverra@icloud.org
620,Dorian,Gay,1989-11-16 00:00:00,1-692-756-6145,ac.fermentum.vel@hotmail.com
621,Ima,Pittman,1982-09-27 00:00:00,1-725-737-4419,dolor@hotmail.com
622,Deirdre,Burns,1978-07-30 00:00:00,1-673-244-8127,mollis.dui@outlook.net
623,Orson,Glover,1988-12-24 00:00:00,1-861-852-2802,sem.semper@hotmail.com
624,Ryder,Norris,1977-03-20 00:00:00,1-261-548-8733,ligula.elit.pretium@aol.org
625,Athena,Duke,1982-07-04 00:00:00,1-644-405-4682,sed.orci@hotmail.com
626,Megan,George,1987-05-01 00:00:00,1-227-645-6303,ipsum.primis.in@protonmail.org
627,Dai,Reilly,1977-11-21 00:00:00,1-232-885-9626,commodo.hendrerit@hotmail.ca
628,Abigail,Pena,1979-05-24 00:00:00,1-266-357-9345,at.velit.cras@hotmail.com
629,Hedwig,Cobb,1991-12-07 00:00:00,1-283-648-0515,mi.fringilla@aol.couk
630,Demetrius,Rowe,1974-11-12 00:00:00,1-726-773-2523,integer@icloud.couk
631,Ria,Frye,1989-04-07 00:00:00,1-263-813-8961,nullam.suscipit@icloud.net
632,Ila,Reeves,1985-11-04 00:00:00,1-995-175-7751,cursus.in.hendrerit@outlook.com
633,Camille,Elliott,1987-12-26 00:00:00,1-836-531-6611,nunc.sed@hotmail.org
634,Dennis,William,1981-06-06 00:00:00,1-255-195-7324,dui.cras.pellentesque@protonmail.couk
635,Samuel,Schmidt,1979-02-18 00:00:00,1-588-484-1647,facilisis.magna.tellus@aol.ca
636,Edan,O'Neill,1975-06-30 00:00:00,1-831-583-5721,dolor.donec@aol.org
637,Alika,Spencer,1984-06-09 00:00:00,1-222-662-2944,elit.erat@protonmail.edu
638,Veronica,Shields,1976-08-25 00:00:00,1-807-299-0549,tincidunt@protonmail.couk
639,Ella,Brady,1975-12-04 00:00:00,1-540-767-4642,elit.pharetra.ut@google.com
640,Jonah,Robertson,1974-04-11 00:00:00,1-270-243-3165,nunc.est.mollis@aol.org
641,Dane,Merrill,1985-09-07 00:00:00,1-912-551-2323,venenatis@yahoo.net
642,Abbot,Cruz,1983-10-20 00:00:00,1-332-807-3525,ullamcorper.duis@google.couk
643,Neil,Tucker,1987-08-07 00:00:00,1-767-145-7769,velit.justo.nec@hotmail.couk
644,Sheila,Fowler,1979-07-09 00:00:00,1-246-181-2322,dui.nec.urna@hotmail.com
645,Barclay,Baker,1986-01-22 00:00:00,1-717-853-9189,molestie.tellus.aenean@hotmail.net
646,Trevor,Mason,1986-02-26 00:00:00,1-931-826-6534,neque.nullam@aol.edu
647,Wilma,Le,1987-08-24 00:00:00,1-684-244-0832,turpis.nulla@outlook.edu
648,Alec,Brewer,1984-06-02 00:00:00,1-147-827-1475,congue.a.aliquet@icloud.ca
649,Madison,Murray,1983-01-05 00:00:00,1-736-715-7726,pede.nunc@aol.net
650,McKenzie,Adkins,1982-06-06 00:00:00,1-685-848-5634,sagittis.felis@outlook.org
651,Leilani,Joyce,1975-04-27 00:00:00,1-463-828-8884,amet.faucibus@protonmail.com
652,Macey,Pena,1987-04-02 00:00:00,1-753-385-5683,ut.nulla@yahoo.net
653,Cecilia,Barron,1978-05-13 00:00:00,1-184-326-7182,ultricies@hotmail.net
654,Orla,Rasmussen,1984-12-29 00:00:00,1-684-179-4888,ut.sagittis.lobortis@google.org
655,Erich,Bray,1985-08-23 00:00:00,1-296-457-5428,mauris.non.dui@google.ca
656,Roth,Curry,1984-02-02 00:00:00,1-750-171-3494,integer.vitae@aol.com
657,Brianna,Moon,1974-05-22 00:00:00,1-962-180-8474,commodo.at@google.ca
658,Harding,Maldonado,1974-06-05 00:00:00,1-429-146-5677,in.dolor.fusce@hotmail.couk
659,Bradley,Carpenter,1989-01-07 00:00:00,1-117-274-4182,semper@outlook.com
660,Berk,Hardy,1984-09-22 00:00:00,1-699-699-3539,augue.scelerisque.mollis@aol.com
661,Whitney,Collins,1981-04-15 00:00:00,1-681-552-1871,bibendum.ullamcorper@outlook.net
662,Carson,Wilkins,1990-03-21 00:00:00,1-966-578-3387,vivamus.non@outlook.couk
663,Ivory,Griffith,1976-05-16 00:00:00,1-657-527-6228,porttitor@protonmail.org
664,Quyn,Booth,1989-07-12 00:00:00,1-767-654-3823,in@hotmail.ca
665,Quin,Roberson,1979-02-20 00:00:00,1-826-423-2712,iaculis.quis.pede@icloud.ca
666,Myra,Guthrie,1985-09-29 00:00:00,1-835-227-9521,augue.eu@icloud.ca
667,Flynn,O'donnell,1978-04-22 00:00:00,1-215-460-3147,nec.tempus@outlook.ca
668,Urielle,Munoz,1989-10-01 00:00:00,1-673-406-2814,vitae.erat@hotmail.com
669,Bree,Middleton,1975-10-08 00:00:00,1-813-637-6274,fermentum@google.net
670,Kellie,Mcpherson,1980-08-22 00:00:00,1-846-979-0708,ullamcorper@yahoo.org
671,Ramona,Maynard,1974-11-13 00:00:00,1-277-490-7508,ac.risus@outlook.net
672,Rajah,Butler,1976-07-22 00:00:00,1-783-122-3133,ipsum@outlook.edu
673,Abraham,Harrington,1990-07-19 00:00:00,1-844-842-6382,libero.mauris@protonmail.com
674,Alisa,Chandler,1984-12-11 00:00:00,1-146-807-5740,justo.sit@google.com
675,Simon,Strong,1981-06-27 00:00:00,1-555-938-0382,tristique@yahoo.edu
676,Aileen,Gallegos,1979-10-17 00:00:00,1-617-121-2688,donec.consectetuer.mauris@hotmail.net
677,Kalia,Stein,1984-06-11 00:00:00,1-687-762-2927,nascetur@hotmail.com
678,Montana,Sexton,1988-07-04 00:00:00,1-893-641-8355,mauris@aol.com
679,Len,Shannon,1973-05-17 00:00:00,1-473-537-8288,sollicitudin@outlook.edu
680,Ingrid,Clements,1980-12-20 00:00:00,1-811-981-5736,imperdiet.ornare.in@yahoo.net
681,Athena,Franks,1991-09-25 00:00:00,1-586-755-4216,diam.at@aol.net
682,Gabriel,Stafford,1982-01-20 00:00:00,1-232-523-3230,ipsum.cursus@aol.edu
683,Tara,Summers,1977-07-09 00:00:00,1-777-222-1710,diam.pellentesque.habitant@aol.couk
684,Drake,Schneider,1980-02-11 00:00:00,1-985-349-1020,donec.porttitor.tellus@outlook.org
685,Reece,Drake,1979-08-29 00:00:00,1-783-345-8258,et.euismod@google.com
686,Jaime,Alford,1982-04-15 00:00:00,1-434-876-1382,magna.nec.quam@outlook.edu
687,Elaine,Gomez,1978-08-20 00:00:00,1-331-644-4523,ac.orci.ut@protonmail.net
688,Troy,Green,1989-02-13 00:00:00,1-334-877-8818,enim@aol.net
689,Vance,Goodman,1991-08-11 00:00:00,1-641-957-7135,sit.amet@protonmail.edu
690,Kaye,Grant,1983-09-15 00:00:00,1-451-185-2655,ac@google.ca
691,Brynn,Gilliam,1978-10-18 00:00:00,1-472-781-3072,ornare@google.org
692,Carlos,Mcmahon,1991-01-24 00:00:00,1-719-962-7910,sagittis@aol.net
693,Keegan,Carney,1980-09-24 00:00:00,1-926-831-7878,tempor.bibendum@icloud.org
694,Roanna,Huff,1980-03-27 00:00:00,1-287-678-2147,est.nunc.laoreet@google.org
695,Castor,Boyer,1980-08-01 00:00:00,1-475-797-0861,sit.amet@google.com
696,Carter,Trujillo,1992-02-03 00:00:00,1-495-255-2565,massa@outlook.net
697,Rama,Pena,1976-09-25 00:00:00,1-257-867-6817,semper.rutrum@yahoo.edu
698,Ryan,Frank,1990-07-18 00:00:00,1-533-485-5186,purus.accumsan@google.ca
699,Donovan,Schwartz,1982-07-21 00:00:00,1-811-442-6371,faucibus.leo@protonmail.couk
700,Daria,Gibbs,1986-12-10 00:00:00,1-582-838-5612,erat@yahoo.couk
701,Vivien,Wilkinson,1982-03-01 00:00:00,1-346-213-9846,mi.felis@google.ca
702,Cruz,Ware,1981-10-21 00:00:00,1-397-684-8198,dolor.sit@yahoo.ca
703,Brooke,Bartlett,1981-02-03 00:00:00,1-684-210-7117,tristique.aliquet@outlook.edu
704,Thomas,Hardy,1976-07-29 00:00:00,1-321-764-5653,habitant.morbi@hotmail.com
705,Edward,Alford,1984-08-23 00:00:00,1-164-123-1832,magna.a.tortor@icloud.couk
706,Nissim,Forbes,1980-09-04 00:00:00,1-747-702-9584,lectus.sit@yahoo.com
707,Clark,Page,1985-11-17 00:00:00,1-320-448-6966,penatibus@aol.edu
708,Hayes,Shaw,1979-03-10 00:00:00,1-685-783-7858,nunc@outlook.ca
709,Aaron,Elliott,1974-10-07 00:00:00,1-644-538-2831,risus.quis.diam@google.com
710,Blythe,Head,1980-05-11 00:00:00,1-706-162-2193,sit.amet.consectetuer@hotmail.com
711,Shana,Maxwell,1985-06-15 00:00:00,1-753-836-8732,metus.vitae@yahoo.ca
712,Luke,Barr,1982-02-14 00:00:00,1-721-870-4497,sed.neque@yahoo.edu
713,Logan,Kaufman,1978-04-21 00:00:00,1-423-225-4592,quis.massa@icloud.couk
714,Wanda,Haley,1981-01-15 00:00:00,1-417-815-5882,auctor.velit@icloud.com
715,Drake,Patel,1989-04-12 00:00:00,1-624-778-2962,diam.lorem@yahoo.edu
716,Ayanna,Ayala,1984-09-22 00:00:00,1-844-764-2331,sociis.natoque@outlook.org
717,Leigh,Tanner,1991-08-24 00:00:00,1-777-157-3236,pede.nonummy@hotmail.edu
718,Tad,Navarro,1978-02-15 00:00:00,1-212-392-6408,at.lacus.quisque@hotmail.com
719,Quinn,Dejesus,1982-11-16 00:00:00,1-103-348-1185,vitae.diam.proin@protonmail.ca
720,Basia,Meyer,1984-03-18 00:00:00,1-631-752-3372,ultrices.sit.amet@yahoo.net
721,Tashya,Horn,1989-10-26 00:00:00,1-827-456-1094,semper@protonmail.couk
722,Gail,Nash,1983-08-16 00:00:00,1-541-835-1886,odio.semper@protonmail.com
723,Ira,Crane,1986-11-25 00:00:00,1-864-417-6592,duis.cursus@yahoo.org
724,Elvis,Fletcher,1990-11-18 00:00:00,1-374-696-2100,eleifend@protonmail.com
725,Shoshana,Gallegos,1976-03-01 00:00:00,1-677-760-0937,commodo@protonmail.org
726,Stephen,Dillon,1986-07-12 00:00:00,1-568-616-3182,rutrum.urna@google.couk
727,Nevada,Kane,1977-07-25 00:00:00,1-425-381-7668,non.magna.nam@google.org
728,Odysseus,Joyce,1983-07-10 00:00:00,1-815-469-5715,ut@outlook.ca
729,Kane,Donovan,1985-02-09 00:00:00,1-344-330-4816,litora.torquent@google.couk
730,Ila,Nieves,1978-08-13 00:00:00,1-160-550-7636,suscipit.est@google.com
731,Quamar,Prince,1980-04-14 00:00:00,1-286-267-4377,ligula.elit.pretium@google.couk
732,Karyn,Gamble,1983-09-20 00:00:00,1-234-652-3136,lacinia.mattis@protonmail.ca
733,Jescie,Witt,1982-02-11 00:00:00,1-774-444-9476,vel@google.net
734,Lee,Singleton,1975-09-28 00:00:00,1-585-732-4355,amet.ultricies@yahoo.ca
735,Katell,Chaney,1982-05-06 00:00:00,1-881-254-8351,cursus.non.egestas@aol.net
736,Imani,Blankenship,1980-01-21 00:00:00,1-404-822-2943,nonummy.ultricies@google.edu
737,Iola,Diaz,1975-09-11 00:00:00,1-413-257-1187,neque@outlook.couk
738,Bertha,Castro,1974-01-01 00:00:00,1-666-856-8531,sed@aol.ca
739,Blythe,Waller,1989-06-30 00:00:00,1-592-265-2141,orci.ut.sagittis@outlook.edu
740,Stella,Humphrey,1980-01-31 00:00:00,1-881-509-2732,duis.volutpat@icloud.couk
741,Jade,Forbes,1976-04-24 00:00:00,1-866-815-9825,velit@hotmail.couk
742,Michelle,Sims,1974-11-13 00:00:00,1-154-820-7817,proin.ultrices.duis@outlook.com
743,Mari,Strickland,1976-09-01 00:00:00,1-897-750-8234,nec@google.com
744,Fitzgerald,Campos,1977-11-29 00:00:00,1-114-197-5553,leo.in@outlook.net
745,Cherokee,Shelton,1979-04-29 00:00:00,1-946-278-8328,consequat.auctor@protonmail.couk
746,Anjolie,Stokes,1982-12-09 00:00:00,1-690-725-6704,diam@protonmail.net
747,Isabella,Daniel,1979-06-21 00:00:00,1-632-566-8535,ac.turpis.egestas@outlook.org
748,Curran,Roth,1981-11-27 00:00:00,1-706-369-5656,at.velit@protonmail.org
749,Joy,Ramos,1988-12-27 00:00:00,1-553-675-5741,ac.urna@outlook.ca
750,Tad,Vang,1984-06-25 00:00:00,1-133-632-2543,donec.luctus@yahoo.com
751,Danielle,England,1988-01-10 00:00:00,1-388-947-9070,ut@protonmail.ca
752,Amanda,Graham,1983-07-17 00:00:00,1-517-894-8616,suscipit@protonmail.couk
753,Abbot,Ashley,1973-12-27 00:00:00,1-786-545-5286,dolor.fusce.mi@hotmail.edu
754,Damian,Lynn,1974-12-25 00:00:00,1-645-860-8346,est@google.ca
755,Hilda,Warner,1985-01-14 00:00:00,1-734-579-8028,a.auctor.non@outlook.couk
756,Kristen,Patterson,1987-07-29 00:00:00,1-355-615-6456,adipiscing@icloud.net
757,Timothy,Cotton,1982-08-24 00:00:00,1-805-256-2778,nibh.quisque.nonummy@google.com
758,Justine,Poole,1983-08-23 00:00:00,1-357-619-1690,ridiculus.mus@aol.net
759,Price,Washington,1979-06-29 00:00:00,1-661-354-1473,quis.pede.suspendisse@google.com
760,Kadeem,Shelton,1978-11-01 00:00:00,1-670-966-4121,sapien.imperdiet.ornare@yahoo.org
761,Bethany,Bryan,1988-04-06 00:00:00,1-215-868-4721,ut.semper@google.com
762,Ciara,Hampton,1981-10-28 00:00:00,1-339-258-7787,quisque.libero.lacus@icloud.com
763,Meghan,Travis,1977-03-09 00:00:00,1-465-658-8296,nisi.nibh.lacinia@protonmail.couk
764,Brent,Ortiz,1974-06-19 00:00:00,1-383-354-7030,auctor.mauris@icloud.couk
765,Nita,Cunningham,1990-08-04 00:00:00,1-768-237-4541,suspendisse.ac@hotmail.net
766,Jonas,French,1977-04-19 00:00:00,1-358-599-4117,tortor.at.risus@protonmail.net
767,Logan,Perry,1981-11-09 00:00:00,1-296-342-5018,nec.ligula@icloud.net
768,Teagan,Henry,1991-01-14 00:00:00,1-604-886-1021,dui@protonmail.couk
769,Nola,Perez,1990-12-12 00:00:00,1-738-426-4031,urna.nunc@yahoo.couk
770,Maite,Holland,1979-08-06 00:00:00,1-456-462-4356,fusce.feugiat@outlook.edu
771,Elmo,Petty,1976-02-22 00:00:00,1-552-283-8475,eget@yahoo.net
772,Alyssa,Bennett,1982-08-14 00:00:00,1-527-674-5239,in.scelerisque@protonmail.com
773,David,Combs,1990-02-13 00:00:00,1-825-527-3999,ligula@aol.net
774,Kato,Brennan,1979-05-02 00:00:00,1-152-882-6344,tristique.senectus@google.couk
775,Nicole,Alvarado,1986-03-15 00:00:00,1-542-413-2118,suspendisse.aliquet@icloud.couk
776,Colleen,Rosario,1989-06-02 00:00:00,1-856-883-7477,enim.etiam.imperdiet@aol.ca
777,Caldwell,Norman,1975-09-16 00:00:00,1-621-583-6856,luctus.felis.purus@protonmail.net
778,Rowan,Lloyd,1981-04-24 00:00:00,1-335-877-2652,risus.duis@hotmail.edu
779,Steven,Bates,1980-03-19 00:00:00,1-207-668-4434,neque.venenatis@protonmail.org
780,Hu,Goodwin,1976-06-04 00:00:00,1-679-714-3256,vitae.odio@outlook.couk
781,Nicholas,Berry,1975-05-16 00:00:00,1-594-951-5265,cras.eu.tellus@aol.com
782,Malik,Camacho,1992-04-04 00:00:00,1-858-841-8101,nec@aol.couk
783,Victoria,Waters,1978-09-27 00:00:00,1-809-896-3257,diam.duis@yahoo.edu
784,Cameran,Spears,1990-08-31 00:00:00,1-287-782-9795,nullam.feugiat.placerat@aol.edu
785,Reed,Lott,1975-04-01 00:00:00,1-673-828-2267,tortor.integer.aliquam@icloud.ca
786,Inez,Wright,1973-11-27 00:00:00,1-961-645-7322,parturient@outlook.com
787,Ulric,Coleman,1989-12-14 00:00:00,1-342-553-8414,pede.nonummy.ut@hotmail.org
788,Chaim,Gentry,1982-03-21 00:00:00,1-227-564-0368,vehicula.et.rutrum@outlook.couk
789,Walter,Snow,1992-02-10 00:00:00,1-627-574-5387,maecenas@hotmail.com
790,Omar,Yates,1981-12-21 00:00:00,1-551-937-4591,malesuada.malesuada.integer@icloud.edu
791,August,Copeland,1990-06-18 00:00:00,1-595-761-6852,id.risus.quis@yahoo.com
792,Lesley,Landry,1984-04-06 00:00:00,1-717-958-0122,curabitur.ut.odio@yahoo.org
793,Dieter,Mcknight,1980-12-06 00:00:00,1-221-349-1612,aliquet.libero.integer@protonmail.com
794,Walter,Leblanc,1991-02-12 00:00:00,1-486-159-7857,luctus@icloud.ca
795,William,Estrada,1982-09-16 00:00:00,1-231-933-3680,aliquam.ultrices@google.edu
796,Remedios,Roberts,1987-06-24 00:00:00,1-622-451-5174,sapien@hotmail.net
797,Merrill,Williamson,1983-02-14 00:00:00,1-988-416-2608,diam.nunc@aol.edu
798,Ann,Rivas,1986-06-28 00:00:00,1-384-923-5314,molestie@icloud.com
799,Haviva,Stephenson,1974-07-26 00:00:00,1-247-638-4613,urna.et@hotmail.org
800,Gage,Singleton,1974-10-19 00:00:00,1-486-663-4708,non.sollicitudin@yahoo.couk
801,Cullen,Hunter,1986-08-09 00:00:00,1-107-888-1431,euismod.in@outlook.org
802,Linus,Lowery,1987-11-05 00:00:00,1-716-524-7265,in@icloud.couk
803,Ocean,Fischer,1984-09-12 00:00:00,1-173-559-1456,phasellus.at.augue@aol.ca
804,Aphrodite,Carrillo,1977-02-20 00:00:00,1-463-319-9161,ornare.lectus.justo@hotmail.ca
805,Jolie,Acosta,1975-09-02 00:00:00,1-434-487-6686,non.sollicitudin@icloud.couk
806,Rinah,Fitzpatrick,1983-09-27 00:00:00,1-951-277-1889,fringilla@aol.com
807,Deirdre,Joseph,1980-06-02 00:00:00,1-828-683-8242,adipiscing@yahoo.edu
808,Tashya,Nunez,1990-04-30 00:00:00,1-319-472-6010,ligula.nullam@protonmail.com
809,Jesse,Oneil,1973-10-04 00:00:00,1-964-533-4854,arcu@yahoo.ca
810,Kimberley,Dorsey,1981-07-04 00:00:00,1-299-654-5585,consectetuer.mauris.id@google.net
811,Summer,Wiggins,1978-03-14 00:00:00,1-415-881-4393,purus.in@aol.couk
812,Phelan,Giles,1981-08-16 00:00:00,1-715-884-6432,risus@aol.couk
813,Vernon,Jensen,1980-05-28 00:00:00,1-276-850-5601,egestas.rhoncus@aol.couk
814,Inez,Leonard,1980-05-30 00:00:00,1-278-622-3489,nibh.aliquam@outlook.couk
815,Merritt,Benson,1978-01-28 00:00:00,1-817-186-2073,turpis.in.condimentum@aol.com
816,Shellie,Rodriquez,1986-04-20 00:00:00,1-777-804-8418,turpis.aliquam@hotmail.edu
817,Zephr,Hernandez,1978-12-23 00:00:00,1-970-682-6784,sodales@google.com
818,Abraham,Hahn,1989-06-26 00:00:00,1-516-436-5724,volutpat@google.ca
819,Nita,Bowers,1979-12-07 00:00:00,1-848-991-3866,orci.in.consequat@icloud.edu
820,Amber,Woodard,1983-06-21 00:00:00,1-229-461-7366,nonummy.ultricies@aol.couk
821,Shafira,Maddox,1983-04-09 00:00:00,1-775-288-2241,nulla.semper@hotmail.couk
822,Ryder,Sawyer,1976-01-17 00:00:00,1-437-279-5722,ante.ipsum.primis@yahoo.couk
823,Lacey,Willis,1990-01-20 00:00:00,1-371-215-8919,porta.elit@outlook.ca
824,Cynthia,Solis,1976-08-05 00:00:00,1-229-534-7495,adipiscing.lobortis@aol.ca
825,Mark,Hall,1990-05-31 00:00:00,1-804-639-0227,eu.tempor.erat@icloud.com
826,Hop,Cummings,1983-10-29 00:00:00,1-582-244-6122,non.justo.proin@hotmail.com
827,Sophia,Carey,1975-10-09 00:00:00,1-264-772-6120,nullam.enim@aol.couk
828,Winter,Dominguez,1981-01-06 00:00:00,1-498-415-9621,tortor@icloud.ca
829,Fatima,Anthony,1980-12-27 00:00:00,1-507-800-8142,integer.vitae.nibh@google.com
830,Tamekah,Hood,1985-03-28 00:00:00,1-165-667-7493,nulla.cras@google.edu
831,Ifeoma,Guerrero,1975-08-18 00:00:00,1-645-767-3271,orci.tincidunt.adipiscing@google.com
832,Chelsea,Nash,1977-03-12 00:00:00,1-156-118-8067,litora.torquent@protonmail.com
833,Britanni,Thornton,1979-07-21 00:00:00,1-757-489-3248,iaculis.nec@hotmail.edu
834,Teegan,Hines,1978-05-29 00:00:00,1-439-664-7543,vehicula.risus@aol.com
835,Josiah,Brewer,1974-06-04 00:00:00,1-500-875-0641,egestas@hotmail.ca
836,Donovan,Wolf,1990-07-28 00:00:00,1-354-667-7812,elementum.at.egestas@protonmail.edu
837,Grace,Benjamin,1977-07-29 00:00:00,1-544-839-8174,arcu.iaculis.enim@protonmail.net
838,Mona,Head,1974-08-15 00:00:00,1-909-560-0150,lorem.ipsum.dolor@outlook.net
839,Christine,Ewing,1975-05-10 00:00:00,1-279-475-7549,duis.elementum.dui@google.ca
840,Hedwig,Morris,1987-08-18 00:00:00,1-652-967-2428,eu.tempor@yahoo.ca
841,Cameron,West,1976-03-27 00:00:00,1-857-935-5549,et.rutrum@hotmail.net
842,Aidan,Payne,1976-11-07 00:00:00,1-757-726-4538,id@hotmail.ca
843,Christopher,Tate,1980-03-13 00:00:00,1-320-390-1917,fermentum.arcu.vestibulum@icloud.edu
844,Lucius,Carr,1973-08-05 00:00:00,1-184-372-7855,cursus.et@hotmail.com
845,Kathleen,Duran,1981-07-11 00:00:00,1-574-982-8864,nunc.mauris@icloud.edu
846,Abdul,Mckee,1986-11-03 00:00:00,1-439-791-2602,vitae.erat@protonmail.edu
847,Farrah,Duran,1976-11-23 00:00:00,1-711-505-5756,malesuada.vel@yahoo.org
848,Desiree,Reeves,1984-10-10 00:00:00,1-311-774-8801,suspendisse@yahoo.ca
849,Leo,Schmidt,1980-04-16 00:00:00,1-130-351-7190,feugiat@hotmail.ca
850,Aaron,Mullen,1990-02-11 00:00:00,1-592-926-7825,nullam.ut@protonmail.couk
851,Marshall,Hopper,1989-01-31 00:00:00,1-546-548-4691,euismod.et@hotmail.org
852,Hector,Barnett,1989-11-12 00:00:00,1-344-415-1327,lorem@protonmail.couk
853,Howard,Robbins,1976-05-22 00:00:00,1-552-139-9134,a@google.com
854,Katelyn,Fry,1983-08-09 00:00:00,1-733-945-8630,condimentum.eget.volutpat@aol.com
855,Cheryl,Moreno,1977-08-15 00:00:00,1-433-305-6331,nec.quam@icloud.ca
856,Stewart,Cline,1979-03-25 00:00:00,1-486-789-7450,varius.ultrices.mauris@google.ca
857,Ivory,Keith,1975-12-24 00:00:00,1-742-163-7428,nunc.mauris.elit@icloud.edu
858,Branden,Randall,1982-05-19 00:00:00,1-531-514-9645,quis.pede@hotmail.couk
859,Ahmed,Vinson,1973-12-30 00:00:00,1-322-528-4110,magna.lorem@icloud.ca
860,Yardley,Mcleod,1975-11-04 00:00:00,1-475-861-5216,molestie.sodales.mauris@protonmail.couk
861,Chastity,Baird,1988-05-14 00:00:00,1-707-396-3514,mi.tempor@aol.ca
862,Carly,Benjamin,1987-11-03 00:00:00,1-981-744-5365,commodo@outlook.org
863,Aladdin,Olsen,1977-01-30 00:00:00,1-646-377-1929,et.ultrices@hotmail.net
864,Vance,Mcdowell,1976-12-03 00:00:00,1-415-818-4528,iaculis.aliquet.diam@icloud.net
865,Colorado,White,1985-04-10 00:00:00,1-463-598-3594,quis@outlook.ca
866,Whoopi,Cline,1989-04-02 00:00:00,1-524-245-2550,nisl.sem@yahoo.ca
867,Laurel,Dale,1988-04-04 00:00:00,1-643-441-4126,sociosqu@yahoo.ca
868,Leroy,Kirkland,1973-12-29 00:00:00,1-715-544-8276,ac.orci.ut@google.com
869,Hasad,Guthrie,1988-11-13 00:00:00,1-522-181-4209,dui@yahoo.net
870,Iola,Strong,1989-05-28 00:00:00,1-725-273-9785,malesuada@yahoo.com
871,Martin,Hopper,1984-06-20 00:00:00,1-638-346-2293,cum.sociis.natoque@icloud.net
872,Beau,Moreno,1991-08-19 00:00:00,1-622-617-9170,augue.eu@protonmail.ca
873,Colleen,Miranda,1991-03-12 00:00:00,1-252-326-5018,curabitur.sed.tortor@aol.ca
874,Lewis,Leblanc,1987-09-29 00:00:00,1-536-962-2941,quisque.ornare@icloud.couk
875,Caesar,Winters,1977-10-24 00:00:00,1-215-378-3462,ridiculus.mus@google.couk
876,Alisa,Mckay,1977-05-22 00:00:00,1-959-994-8307,quis@aol.ca
877,Merritt,Mcfarland,1981-09-30 00:00:00,1-185-786-1237,blandit@icloud.edu
878,Dacey,Zimmerman,1983-04-27 00:00:00,1-701-384-2342,vitae.risus@hotmail.couk
879,Kieran,Cantrell,1982-02-27 00:00:00,1-212-821-3914,auctor.non@outlook.org
880,Melvin,Pope,1981-09-23 00:00:00,1-616-227-4356,mauris.sagittis.placerat@google.couk
881,Salvador,Robinson,1989-12-25 00:00:00,1-632-611-7843,enim.non@hotmail.net
882,Harper,Sims,1982-01-11 00:00:00,1-674-973-1203,odio.aliquam@icloud.couk
883,Mallory,Leblanc,1990-07-03 00:00:00,1-821-962-4986,pharetra.sed@protonmail.edu
884,Simon,Santos,1980-11-06 00:00:00,1-513-545-3901,lectus.pede@protonmail.org
885,Dieter,Rivas,1987-10-08 00:00:00,1-451-663-6377,suspendisse.sagittis.nullam@icloud.ca
886,Stephanie,Malone,1978-06-04 00:00:00,1-201-853-7324,amet.consectetuer@yahoo.edu
887,Philip,York,1988-12-23 00:00:00,1-175-351-1489,duis.mi@yahoo.com
888,Brennan,Jones,1984-11-30 00:00:00,1-891-896-8488,malesuada.id@hotmail.org
889,Beck,Ayers,1980-11-08 00:00:00,1-383-808-8686,in.condimentum@icloud.net
890,Zenia,Chase,1976-12-22 00:00:00,1-728-199-6732,varius.et@google.org
891,Lamar,Cline,1983-01-11 00:00:00,1-322-524-1242,metus.aliquam@yahoo.net
892,Quinlan,Gamble,1975-08-24 00:00:00,1-654-653-7660,dui.in@outlook.org
893,Honorato,Harris,1982-11-02 00:00:00,1-372-234-4317,in.at@google.ca
894,Megan,Gentry,1985-09-16 00:00:00,1-688-212-2641,tellus.suspendisse.sed@google.net
895,Farrah,Bright,1978-05-31 00:00:00,1-778-428-3333,tortor.at.risus@outlook.net
896,Matthew,Sosa,1979-07-13 00:00:00,1-182-268-3616,cras.lorem@outlook.net
897,Forrest,Combs,1975-07-25 00:00:00,1-441-753-6107,ac.turpis.egestas@hotmail.ca
898,Erica,Jackson,1983-03-16 00:00:00,1-874-334-2601,pharetra.felis@google.com
899,Emi,Valdez,1985-01-02 00:00:00,1-521-816-0474,eu@google.ca
900,Carter,Booth,1984-02-29 00:00:00,1-730-513-1258,a.neque.nullam@hotmail.com
901,Neville,Gross,1989-05-03 00:00:00,1-325-581-7138,pellentesque.sed.dictum@google.couk
902,Craig,Mcgee,1989-08-08 00:00:00,1-262-237-7720,aenean.euismod@google.couk
903,Roary,Bates,1989-01-06 00:00:00,1-154-591-3247,adipiscing.elit@aol.edu
904,Anastasia,Conrad,1986-12-29 00:00:00,1-391-120-2412,et@yahoo.couk
905,Dora,Dawson,1975-06-22 00:00:00,1-518-218-8776,cursus@outlook.edu
906,Iola,Richards,1982-11-18 00:00:00,1-837-759-5854,vitae.posuere@protonmail.ca
907,Irma,Wade,1989-03-22 00:00:00,1-438-732-5633,nunc.mauris.morbi@protonmail.net
908,Whoopi,Abbott,1990-12-14 00:00:00,1-811-615-5245,a.tortor@outlook.edu
909,Ferris,Walters,1978-10-24 00:00:00,1-220-651-1378,vestibulum.neque@protonmail.net
910,Robert,Burgess,1974-07-14 00:00:00,1-163-334-0538,cum.sociis@icloud.edu
911,Christopher,Moody,1985-01-17 00:00:00,1-117-842-1353,pharetra.felis@aol.ca
912,Griffith,Bryant,1977-12-19 00:00:00,1-513-781-3391,nec.mollis@hotmail.couk
913,Caryn,Moss,1975-06-13 00:00:00,1-448-866-8331,sed.sem@yahoo.net
914,Juliet,Hester,1978-01-01 00:00:00,1-163-882-1234,semper.pretium.neque@outlook.ca
915,Nero,Medina,1989-11-24 00:00:00,1-776-281-7354,facilisis.suspendisse@icloud.org
916,Garth,West,1977-03-29 00:00:00,1-796-735-6267,lorem@aol.ca
917,Evan,Wood,1979-12-09 00:00:00,1-781-255-3346,nonummy.ac.feugiat@hotmail.org
918,Addison,Wood,1983-08-24 00:00:00,1-222-291-9391,nibh.quisque.nonummy@icloud.edu
919,Keaton,Molina,1981-05-23 00:00:00,1-773-521-7662,gravida.mauris@google.com
920,Wylie,Zamora,1978-12-03 00:00:00,1-331-266-2335,tincidunt.adipiscing.mauris@hotmail.ca
921,Yolanda,Reynolds,1976-04-07 00:00:00,1-482-248-2468,nisl.sem@aol.net
922,Velma,Barber,1989-06-17 00:00:00,1-253-140-3086,varius.nam.porttitor@outlook.com
923,Baxter,Tucker,1973-10-28 00:00:00,1-633-784-6199,vivamus.molestie.dapibus@hotmail.couk
924,Drew,Hogan,1988-07-09 00:00:00,1-840-468-6817,ligula.elit@yahoo.org
925,Pandora,Goodman,1977-01-29 00:00:00,1-147-256-5757,maecenas.mi@aol.org
926,Joan,Rhodes,1983-09-14 00:00:00,1-811-964-6267,malesuada.ut@outlook.org
927,Irene,Raymond,1980-05-30 00:00:00,1-672-859-9722,cursus.non@protonmail.ca
928,Daryl,Nolan,1988-02-12 00:00:00,1-623-761-1568,pede.nunc.sed@protonmail.ca
929,Rose,Barron,1976-06-03 00:00:00,1-706-433-7443,in.tincidunt@yahoo.edu
930,Lana,Fry,1978-05-23 00:00:00,1-714-439-8833,aliquet.molestie@outlook.ca
931,Wallace,Molina,1979-11-13 00:00:00,1-880-474-5642,rutrum.non@protonmail.com
932,Madison,Wyatt,1990-12-24 00:00:00,1-259-496-1342,adipiscing.fringilla@aol.ca
933,Paula,William,1987-05-15 00:00:00,1-352-331-2387,quis.arcu@icloud.com
934,Megan,Lee,1979-10-03 00:00:00,1-779-426-8864,urna.justo.faucibus@yahoo.com
935,Demetrius,Dudley,1990-02-19 00:00:00,1-516-866-4098,sem@yahoo.ca
936,Upton,Riddle,1987-08-25 00:00:00,1-604-461-2356,commodo.at.libero@yahoo.couk
937,Stone,Dennis,1977-07-06 00:00:00,1-315-357-4164,libero.dui@google.ca
938,Yael,Shepherd,1974-05-13 00:00:00,1-826-871-9687,ipsum@aol.ca
939,Ivor,Larson,1980-12-08 00:00:00,1-474-413-9445,nulla.facilisis@hotmail.edu
940,Acton,O'donnell,1984-04-06 00:00:00,1-361-582-1966,etiam.imperdiet.dictum@protonmail.org
941,Lars,Peck,1989-03-31 00:00:00,1-362-441-8342,congue.elit.sed@hotmail.net
942,Steven,Walters,1991-02-15 00:00:00,1-734-297-4564,lorem.eget.mollis@hotmail.edu
943,Bruno,Riggs,1990-12-04 00:00:00,1-806-253-5986,dictum.ultricies@yahoo.net
944,Colin,Fuentes,1973-12-19 00:00:00,1-925-126-2445,neque.sed@protonmail.net
945,Mira,Buckner,1973-08-30 00:00:00,1-458-653-3087,adipiscing.fringilla@aol.edu
946,Mason,Green,1975-01-16 00:00:00,1-593-314-5786,aliquam.rutrum@hotmail.org
947,Wylie,Steele,1985-03-16 00:00:00,1-552-369-7885,semper.et.lacinia@icloud.ca
948,Edward,Richard,1979-01-18 00:00:00,1-328-631-7614,magna.tellus@aol.ca
949,Colette,Dominguez,1980-06-13 00:00:00,1-285-358-7655,imperdiet.ullamcorper.duis@google.org
950,Nell,Whitehead,1976-10-30 00:00:00,1-463-243-4630,aliquet@hotmail.edu
951,Samson,Alford,1979-10-02 00:00:00,1-309-674-7815,dolor.sit@aol.couk
952,Benedict,Clarke,1985-01-09 00:00:00,1-845-785-4826,sed@google.org
953,Anika,Hansen,1991-06-18 00:00:00,1-638-787-3015,sed.sapien@aol.ca
954,Thomas,Barker,1984-10-15 00:00:00,1-488-535-1156,ut@aol.com
955,Uma,Hebert,1980-11-04 00:00:00,1-224-815-7391,eu@protonmail.net
956,Sonia,Powell,1990-12-24 00:00:00,1-847-481-5026,adipiscing.lobortis@protonmail.net
957,Lana,Shields,1986-02-14 00:00:00,1-373-274-0654,fusce@hotmail.org
958,Carl,Silva,1986-03-11 00:00:00,1-824-226-8488,justo.eu@google.org
959,Whoopi,Wagner,1983-10-24 00:00:00,1-256-557-8349,metus.facilisis@protonmail.edu
960,Kellie,Weber,1990-08-02 00:00:00,1-388-550-2352,justo.sit.amet@aol.com
961,Allistair,Powell,1991-09-27 00:00:00,1-521-161-2396,nunc.nulla.vulputate@protonmail.net
962,Hayes,Hunt,1985-09-05 00:00:00,1-364-472-6445,mauris.magna@aol.com
963,Gary,Burke,1983-07-13 00:00:00,1-355-348-5835,turpis.egestas@outlook.ca
964,Erica,O'Neill,1976-09-04 00:00:00,1-228-832-3735,vitae@yahoo.net
965,Lara,Hudson,1988-01-16 00:00:00,1-838-676-4674,ad.litora@hotmail.org
966,Marah,Ball,1985-08-20 00:00:00,1-240-857-2718,libero@yahoo.com
967,Devin,Mckinney,1986-11-27 00:00:00,1-698-141-2526,aliquam@outlook.org
968,Emmanuel,Shepard,1980-07-13 00:00:00,1-368-231-6432,tristique.ac@outlook.net
969,Venus,Horn,1982-12-31 00:00:00,1-952-378-3529,eget.metus@hotmail.ca
970,Ferdinand,Riggs,1983-12-09 00:00:00,1-534-788-8497,donec@aol.couk
971,Shad,Sykes,1974-01-30 00:00:00,1-542-543-3174,cum@google.couk
972,Patrick,Leach,1987-09-23 00:00:00,1-567-726-5839,fusce@icloud.ca
973,Vera,Black,1985-09-25 00:00:00,1-859-728-1420,nulla.vulputate@icloud.org
974,Keith,Wyatt,1980-03-13 00:00:00,1-414-828-1873,viverra@protonmail.couk
975,Ivor,Kennedy,1973-11-20 00:00:00,1-848-326-5239,mollis.dui.in@outlook.edu
976,Erich,Palmer,1980-12-18 00:00:00,1-883-874-8544,urna.justo@icloud.net
977,Adele,Vega,1978-02-02 00:00:00,1-811-466-2072,felis.purus.ac@yahoo.edu
978,Patience,Mack,1988-08-11 00:00:00,1-614-128-6035,enim.sed.nulla@hotmail.ca
979,Jakeem,Vaughn,1975-11-07 00:00:00,1-518-596-1180,adipiscing.ligula@hotmail.org
980,Leo,Burt,1973-09-23 00:00:00,1-718-998-8193,a.facilisis.non@google.com
981,Drew,Hart,1979-09-16 00:00:00,1-331-563-8841,lacus.varius@hotmail.ca
982,Denton,Duran,1991-08-27 00:00:00,1-558-832-2943,ornare.lectus@hotmail.edu
983,Daquan,Warren,1977-12-29 00:00:00,1-545-834-3011,sollicitudin.orci.sem@aol.edu
984,Halla,Mosley,1980-02-26 00:00:00,1-429-410-7412,nisi@yahoo.ca
985,Gannon,Carlson,1979-09-12 00:00:00,1-333-522-3975,interdum.feugiat@outlook.couk
986,Rogan,Bowers,1973-09-03 00:00:00,1-854-929-7311,tellus.id.nunc@protonmail.net
987,Cooper,Barr,1984-03-17 00:00:00,1-849-175-4973,rutrum.lorem.ac@hotmail.edu
988,Aspen,Jensen,1975-08-22 00:00:00,1-205-133-2742,vitae.sodales@icloud.couk
989,Sopoline,Ross,1980-11-02 00:00:00,1-371-234-1152,elementum@icloud.couk
990,Maggie,Mcmillan,1984-12-09 00:00:00,1-655-621-2203,convallis.in.cursus@google.couk
991,Echo,Mcpherson,1980-07-02 00:00:00,1-245-631-3513,molestie@icloud.org
992,Keegan,Fisher,1976-01-05 00:00:00,1-755-466-6120,vel.arcu@yahoo.ca
993,Imelda,Glover,1976-12-08 00:00:00,1-504-628-0600,sociis.natoque.penatibus@google.com
994,Holmes,Nunez,1989-06-15 00:00:00,1-641-165-5289,eu@hotmail.ca
995,Cleo,Roberson,1981-06-03 00:00:00,1-262-525-7581,sed.nunc.est@icloud.edu
996,Brynn,Stokes,1986-01-30 00:00:00,1-427-236-1218,consequat.purus@yahoo.net
997,Brody,Marshall,1973-08-02 00:00:00,1-155-377-5123,nostra@icloud.com
998,Keefe,Cash,1991-01-10 00:00:00,1-421-224-1545,vitae@aol.edu
999,Jayme,Head,1981-12-14 00:00:00,1-272-246-7652,donec.nibh@outlook.com
